transaction_id,customer_id,receiver_id,amount,transaction_date,transaction_time,device_type,status,is_fraud
TXN00356,CUST0125,RECV0087,1629.59,29-05-2026,19:24:49,WEB,SUCCESS,0
TXN00433,CUST0216,RECV0088,2548.95,10-03-2026,12:36:24, iOS,Success,0
TXN01159,CUST0005,RECV0087,2683.87,14-01-2026,06:47:09,iOS,success,0
TXN00018,CUST0033,RECV0148,416.75,09-Mar-26,14:32:23,iOS,Success,0
TXN01324,CUST0217,RECV0012,9768.83,18-06-2026,00:55:50,android,success,0
TXN01150,CUST0199,RECV0095,6001.26,07-Mar-26,09:09:02, iOS,Successful,0
TXN00981,CUST0247,,333.92,09-01-2026,21:33:53,IOS,COMPLETED,0
TXN00386,CUST0088,RECV0145,6694.83,08-03-2026,04:22:18,Android ,COMPLETED,0
TXN00432,CUST0044,RECV0034,5919.42,26-06-2026,10:02:29,web,Success,1
TXN00014,CUST0041,RECV0040,965.95,11-May-26,18:40:48,IOS,success,0
TXN00722,CUST0137,RECV0006,1510.69,10-06-2026,17:18:06,Android ,COMPLETED,0
TXN00582,CUST0154,RECV0104,3681.25,14-03-2026,20:00:30,web,Successful,0
TXN00749,CUST0199,RECV0012,1371.78,03-03-2026,18:40:31,Andriod, Success ,0
TXN01127,CUST0103,RECV0088,1631.63,14-03-2026,20:27:25, iOS,COMPLETED,0
TXN01112,CUST0142,RECV0118,6064.18,26-05-2026,22:48:08, iOS,SUCCESS,1
TXN00887,CUST0023,RECV0087,2258.91,03-06-2026,02:15:13,web,SUCCESS,1
TXN00390,CUST0075,RECV0040,6940.7,28-04-2026,10:41:45,WEB,COMPLETED,1
TXN00718,CUST0097,RECV0125,6786.31,18-01-2026,03:46:33,iOS,SUCCESS,1
TXN01073,CUST0102,RECV0026,5275.98,16-02-2026,12:20:00,ANDROID,success,1
TXN00431,CUST0195,RECV0092,2787.86,25-01-2026,21:15:15,Andriod,success,0
TXN00591,CUST0211,RECV0087,9305.27,11-04-2026,02:24:57,Web,Success,1
TXN00559,CUST0220,RECV0087,823.71,08-06-2026,00:29:33,Web,Success,0
TXN00016,CUST0090,RECV0141,2502.94,31-Jan-26,15:22:33,Andriod,Completed,0
TXN00264,CUST0016,RECV0106,2814.04,23-Mar-26,14:47:59, iOS,Success,0
TXN00658,CUST0050,RECV0046,1582.99,02-04-2026,16:41:21,Andriod,SUCCESS,0
TXN00675,CUST0251,RECV0147,959.46,25-01-2026,08:38:06,web,success,0
TXN00984,CUST0231,RECV0122,83.37,09-05-2026,11:07:50,Web,Successful,0
TXN00586,CUST0174,RECV0104,442.93,27-Feb-26,17:19:20,WEB,SUCCESS,0
TXN00099,CUST0005,RECV0026,1613.83,19-03-2026,19:38:44, iOS,COMPLETED,0
TXN00574,CUST0241,RECV0043,191.31,19-06-2026,16:23:31,Website,Completed,0
TXN00931,CUST0056,RECV0073,6059.84,26-Apr-26,14:23:30,Android,Completed,0
TXN00964,CUST0133,RECV0024,1947.51,28-06-2026,11:22:49,Website,success,0
TXN00375,CUST0001,RECV0118,3000.56,10-Jun-26,09:27:48,ANDROID,SUCCESS,0
TXN00719,CUST0052,RECV0029,131.31,07-04-2026,01:08:15,Web,COMPLETED,0
TXN00801,CUST0072,RECV0112,922.38,27-Jan-26,06:46:57,ANDROID, Success ,0
TXN00708,CUST0039,RECV0131,2606.79,12-02-2026,12:38:17,IOS,COMPLETED,0
TXN00698,CUST0219,RECV0024,59.48,05-01-2026,13:33:19,iOS,Success,0
TXN00368,CUST0215,RECV0057,4934.2,13-Feb-26,05:50:50,Web,Successful,0
TXN00100,CSUT0061,RECV0087,3682.91,14-03-2026,06:49:16,web,success,0
TXN01278,CUST0194,RECV0054,3712.18,13-02-2026,12:17:15,iOS, Success ,0
TXN01099,CUST0163,RECV0118,2594.46,20-03-2026,15:40:11,WEB,SUCCESS,1
TXN01063,CUST0032,RECV0076,1965.63,02-Jun-26,05:26:11, iOS,Successful,0
TXN00830,CUST0080,RECV0037,4878.01,23-01-2026,13:37:58,android,Success,0
TXN01307,CUST0140,RECV0077,872.99,26-03-2026,12:03:37,web,Completed,0
TXN00595,CUST0153,RECV0045,8123.91,11-Apr-26,19:46:27,Android , Success ,0
TXN00453,CUST0018,RECV0126,174.1,12-03-2026,10:45:27,IOS,COMPLETED,0
TXN01309,CUST0259,RECV0103,1778.23,03-04-2026,09:05:15,ios,Completed,0
TXN00620,CUST0247,RECV0110,861.09,06-01-2026,19:34:09, iOS,Successful,0
TXN01074,CUST0177,RECV0148,1852.06,18-02-2026,14:39:16,Android , Success ,0
TXN00295,CUST0034,RECV0073,970.39,08-Feb-26,20:34:53,IOS,SUCCESS,0
TXN00448,CUST0192,RECV0082,1089.64,29-06-2026,21:15:17,IOS,SUCCESS,0
TXN00035,CUST0012,RECV0026,"1,552.63",17-01-2026,02:57:54,Android,Completed,0
TXN01049,CUST0252,RECV0018,1017.85,14-03-2026,02:35:49,Website,SUCCESS,0
TXN00331,CUST0086,RECV0089,2868.49,23-02-2026,01:10:29,Android ,success,1
TXN00570,CUST0174,RECV0148,1286.94,23-Feb-26,21:10:33,iOS,COMPLETED,0
TXN00314,CUST0001,RECV0116,771.13,07-Feb-26,19:36:28,ios,COMPLETED,0
TXN00254,CUST0193,RECV0135,2234.54,30-05-2026,06:50:44,iOS,SUCCESS,1
TXN01017,CUST0133,RECV0073,1499.36,26-05-2026,16:18:01,ANDROID,Successful,0
TXN00112,CUST0259,RECV0043,369.86,01-May-26,10:17:03,Android,Successful,1
TXN01248,CUST0217,RECV0034,Rs. 418.73,18-01-2026,11:30:25,web, Success ,0
TXN01043,CUST0069,RECV0118,498.53,19-Jan-26,04:37:19,Android,Successful,0
TXN00396,CUST0228,RECV0074,2284.1,17-Apr-26,13:46:57,Web,COMPLETED,0
TXN00680,CUST0209,RECV0021,2865.44,22-03-2026,05:36:03,Android ,Success,1
TXN00052,CUST0025,RECV0108,3969.58,09-04-2026,15:56:24, iOS,SUCCESS,0
TXN00714,CUST0144,RECV0073,4256.24,15-Feb-26,03:46:47,web,SUCCESS,0
TXN00780,CUST0233,RECV0092,133.07,12-06-2026,07:19:12,web,SUCCESS,0
TXN00709,CUST0082,RECV0118,6324.16,27-05-2026,14:32:45,WEB, Success ,1
TXN00362,CUST0028,RECV0054,790.98,15-06-2026,19:51:56,IOS,COMPLETED,0
TXN00114,CUST0061,RECV0005,3430.86,08-05-2026,01:35:35, iOS,failed,0
TXN01075,CUST0144,RECV0087,889.82,17-Jun-26,08:21:51,Android ,COMPLETED,0
TXN01038,CUST0003,RECV0125,777.09,14-Apr-26,14:49:17,Andriod,Failed,0
TXN00636,CUST0220,RECV0088,1914.42,28-03-2026,11:42:25,Android ,COMPLETED,0
TXN01145,CUST0163,RECV0087,368.95,15-01-2026,00:39:46,web,SUCCESS,0
TXN00879,CUST0199,RECV0013,900.9,23-06-2026,23:36:49,Website,SUCCESS,0
TXN00894,CUST0119,RECV0087,377.55,27-04-2026,23:56:26, iOS,SUCCESS,0
TXN00263,CUST0081,RECV0013,1032.17,23-Mar-26,05:20:53,ANDROID,Success,0
TXN00329,CUST0078,RECV0045,534.81,18-06-2026,07:31:11,Website, Success ,0
TXN00873,CUST0258,RECV0125,588.8,27-01-2026,15:17:05,WEB,COMPLETED,0
TXN00689,CUST0250,RECV0026,829.68,02-01-2026,12:23:19,IOS,COMPLETED,0
TXN00588,CUST0105,RECV0125,2880.18,11-04-2026,14:40:57,Web,Success,1
TXN00186,CUST0181,RECV0068,₹-489.88,13-05-2026,12:43:47,android,SUCCESS,0
TXN00713,CUST0069,RECV0076,7144.32,15-04-2026,20:52:00,Android , Success ,0
TXN00205,CUST0043,RECV0141,3823.06,27-01-2026,09:14:15, iOS,Successful,1
TXN00129,CUST0199,RECV0081,6636.65,17-04-2026,00:47:16,Android ,SUCCESS,0
TXN01209,CUST0203,RECV0075,257.57,05-01-2026,22:44:26,Website,Success,0
TXN01218,CUST0001,RECV0146,1375.78,19-03-2026,01:23:13,ANDROID,SUCCESS,0
TXN00975,CUST0105,RECV0148,5158.63,22-04-2026,00:30:10,ios, Success ,1
TXN00798,CUST0019,RECV0011,"Rs. 3,246.34",17-05-2026,02:30:06,Android ,Success,0
TXN00378,CUST0105,RECV0062,145.43,05-Feb-26,15:47:48,Website,SUCCESS,0
TXN00337,CUST0099,RECV0087,9138.29,09-01-2026,19:40:07,Android, Success ,1
TXN00733,CUST0151,RECV0013,1143.02,28-Apr-26,07:13:52,IOS,Success,0
TXN00678,CUST0028,RECV0064,1240.11,13-06-2026,22:29:11,IOS, Success ,0
TXN00253,CUST0105,RECV0067,1291.07,20-05-2026,23:09:44,web,SUCCESS,0
TXN00408,CUST0059,RECV0020,"1,140.13",17-04-2026,00:30:22,android, Success ,0
TXN00190,CUST0022,RECV0081,Rs. 922.70,04-May-26,08:31:11,Website, Success ,0
TXN00242,CUST0049,RECV0010,904.23,02-06-2026,12:05:49,web,SUCCESS,0
TXN01219,CUST0191,RECV0026,9611.42,20-01-2026,09:09:16,Android, Success ,1
TXN00165,CUST0146,RECV0012,2673.6,22-01-2026,05:14:53,iOS,Successful,0
TXN00579,CUST0140,RECV0088,8243.06,08-Apr-26,02:18:53,IOS, Success ,1
TXN00229,CUST0145,RECV0083,"3,985.91",24-03-2026,01:53:08,Android,Completed,1
TXN01116,CUST0016,RECV0031,1447.38,16-06-2026,12:36:44,Android ,SUCCESS,0
TXN00319,CUST0185,RECV0026,2041.29,17-Apr-26,00:09:46,Web,COMPLETED,1
TXN00871,CUST0040,RECV0013,1512.21,20-01-2026,23:52:22,Website,Successful,0
TXN00147,CUST0093,RECV0014,1617.1,21-Jun-26,14:41:35,web,Success,0
TXN00250,CUST0087,RECV0114,136.46,31-Mar-26,01:59:52,ios,SUCCESS,0
TXN00901,CUST0245,RECV0141,8366.21,29-Jun-26,16:05:09,web,SUCCESS,0
TXN00285,CUST0034,RECV0032,173.36,16-Mar-26,10:33:26,ios,success,0
TXN01285,CUST0091,RECV0109,1878.8,15-03-2026,00:51:12,ANDROID,Success,0
TXN00899,CUST0199,RECV0103,189.74,19-04-2026,22:18:07,Android,SUCCESS,0
TXN00756,CUST0239,RECV0120,780.07,30-04-2026,12:49:27,Andriod,success,1
TXN01319,CUST0157,RECV0103,1148.69,17-03-2026,09:42:20,Android,Success,0
TXN00327,CUST0027,RECV0007,1434.46,18-06-2026,04:32:04,Android ,COMPLETED,0
TXN00977,CUST0066,RECV0035,5540.29,23-03-2026,09:52:43, iOS,COMPLETED,0
TXN01045,CUST0012,RECV0018,459.73,05-02-2026,22:47:20,Website, Success ,0
TXN00208,CUST0223,RECV0137,1003.42,15-05-2026,15:34:14,IOS,Successful,0
TXN00512,CUST0019,RECV0118,3353.6,18-May-26,16:34:18,android,Completed,0
TXN00111,CUST0247,RECV0099,239.62,30-03-2026,19:03:00,Website,success,0
TXN00109,CUST0058,RECV0017,938.61,16-Apr-26,00:45:55,ios, Success ,0
TXN01289,CUST0233,RECV0064,325.2,14-02-2026,01:04:24,Website,Success,0
TXN00669,CUST0111,RECV0033,,01-Jun-26,02:35:16,IOS,success,0
TXN00064,CUST0089,RECV0050,2955.55,12-Feb-26,02:43:27,iOS,COMPLETED,0
TXN00021,CUST0215,RECV0125,2149.44,27-02-2026,08:52:04,ios,Success,0
TXN00657,CUST0005,RECV0148,3922.19,03-04-2026,12:27:43,Andriod,Completed,1
TXN00142,CUST0033,RECV0087,959.47,30-May-26,03:18:50,WEB,SUCCESS,0
TXN01125,CUST0188,RECV0088,500.73,06-Feb-26,01:58:58,,Completed,1
TXN00352,CUST0125,RECV0004,1206.31,29-Jun-26,09:52:50,Android , Success ,0
TXN00704,CUST0098,RECV0026,"Rs. 5,604.83",19-02-2026,09:46:30,ios,success,1
TXN00598,CUST0259,RECV0043,5967.33,25-Mar-26,01:29:01,WEB,COMPLETED,0
TXN00566,CUST0118,RECV0062,2303.55,30-04-2026,23:24:13,IOS,Completed,0
TXN01302,CUST0022,RECV0141,2716.06,12-01-2026,06:26:51,WEB, Success ,0
TXN00752,CUST0072,RECV0125,3291.34,01-02-2026,13:54:39,iOS, Success ,1
TXN00916,CUST0249,RECV0101,244.04,06-05-2026,15:18:06,Web,SUCCESS,0
TXN00508,CUST0036,RECV0125,894.38,22-Jan-26,13:03:25,Andriod, Success ,0
TXN00128,CUST0115,RECV0061,4860.72,15-06-2026,09:44:42,Website,Declined,0
TXN00472,CUST0076,RECV0148,1276.13,01-Feb-26,05:47:32,Android ,Successful,0
TXN01028,CUST0164,RECV0088,2952.84,12-06-2026,03:34:37,ANDROID,Success,1
,,,,,,,,
TXN01333,CUST0141,RECV0140,998.15,18-May-26,16:55:46,Andriod, Success ,0
TXN00180,CUST0119,RECV0073,"4,703.94",07-06-2026,00:10:05,Website,Successful,0
TXN00884,CUST0161,RECV0067,83.48,17-Jan-26,08:55:31,iOS, Success ,0
TXN01283,CUST0129,RECV0066,521.03,21-01-2026,04:54:27,iOS,Completed,0
TXN00782,CUST0063,RECV0034,944.55,28-01-2026,02:31:54,Android,Success,0
TXN01291,CUST0182,RECV0104,1686.08,05-06-2026,13:10:32,Web,Successful,0
TXN01236,CUST0130,RECV0109,219.02,26-04-2026,12:00:44,Web,SUCCESS,0
TXN00772,CUST0017,RECV0125,171.1,20-06-2026,12:07:12,web,Completed,1
TXN00743,CUST0097,RECV0073,"₹1,641.67",22-05-2026,18:02:36,Web,success,1
TXN00415,CUST0088,RECV0118,105.83,18-05-2026,22:30:23,WEB,COMPLETED,1
TXN00947,CUST0166,RECV0014,350.3,20-Jan-26,13:42:30,iOS,Success,0
TXN00485,CUST0009,RECV0119,1692.33,30-Jan-26,12:02:05,ANDROID,success,0
TXN00800,CUST0233,RECV0032,136.55,07-05-2026,03:01:14,WEB,Declined,0
TXN00281,CUST0004,RECV0072,2915.51,04-Mar-26,06:03:11,WEB,Completed,0
TXN00290,CUST0024,RECV0026,1610,27-03-2026,06:44:18,Website, Success ,0
TXN00276,CUST0084,RECV0118,1129.09,01-Feb-26,02:33:45,ios,SUCCESS,0
TXN01027,CUST0068,RECV0148,1224.57,14-05-2026,18:30:29,Web,Successful,0
TXN00706,CUST0061,RECV0125,₹213.25,22-04-2026,00:10:38,WEB,success,0
TXN00969,CUST0216,RECV0026,341.65,02-05-2026,11:19:10,android, Success ,0
TXN00044,CUST0159,RECV0024,219.4,14-Feb-26,16:30:00,android,SUCCESS,1
TXN00961,CUST0045,RECV0026,1521.28,17-02-2026,00:13:40,Andriod,Successful,0
TXN00171,CUST0051,RECV0088,1219.17,19-04-2026,09:38:56,ANDROID,success,0
TXN00173,CUST0162,RECV0040,1402.81,15-Apr-26,08:16:54,WEB,Success,0
TXN00784,CUST0161,RECV0042,5689.5,12-06-2026,05:42:36,Android,Successful,0
TXN00152,CUST0250,RECV0026,"Rs. 1,663.19",22-May-26,04:57:34,ios,Completed,0
TXN00501,CUST0182,RECV0143,1667.93,12-01-2026,22:55:32,Android ,SUCCESS,0
TXN01151,CUST0117,RECV0026,580.61,13-04-2026,13:56:26, iOS,SUCCESS,0
TXN00153,CUST0040,RECV0130,826.01,20-01-2026,18:25:49,Website, Success ,0
TXN01089,CUST0116,RECV0118,3563.3,14-05-2026,11:15:55,Website,success,0
TXN00796,CUST0102,RECV0088,3324.35,20-Feb-26,13:07:07,ios,Success,0
TXN00607,CUST0203,RECV0148,613.52,20-04-2026,12:41:20,Android, Failed,1
TXN00069,CUST0206,RECV0085,3143.04,10-01-2026,23:30:58,Android,Success,0
TXN00301,CUST0053,RECV0080,4083.1,14-05-2026,06:20:12,Website,Completed,1
TXN00721,CUST0044,RECV0012,13269.09,21-02-2026,09:21:30,Android ,COMPLETED,0
TXN00474,CUST0049,RECV0026,245.49,26-03-2026,12:23:37,Andriod,success,0
TXN00451,CUST0122,RECV0101,944.11,24-04-2026,09:05:59,IOS, Success ,0
TXN00535,CUST0138,RECV0013,1642.05,16-01-2026,00:26:40,ios,SUCCESS,0
TXN01179,CUST0097,RECV0059,2658.17,17-Feb-26,18:18:38,Website,COMPLETED,0
TXN01131,CUST0223,RECV0046,2134.87,11-05-2026,22:02:58,Website,Successful,0
TXN01000,CUST0240,RECV0012,3151.1,08-01-2026,18:27:26,ios,Success,0
TXN00644,CUST0015,RECV0084,3087.85,11-Feb-26,07:46:16,IOS,success,0
TXN00930,CUST0143,RECV0118,3555.38,04-05-2026,12:01:31,Android ,Completed,0
TXN00790,CUST0106,RECV0115,1702.92,05-May-26,08:52:20,Website,Successful,0
TXN00469,CUST0136,RECV0141,328.04,13-May-26,04:35:54, iOS,Successful,0
TXN00534,CUST0062,RECV0012,4561.87,14-01-2026,16:48:32,ios,COMPLETED,0
TXN00858,CUST0243,RECV0144,4838.99,09-05-2026,14:27:40,Android,success,0
TXN00650,CUST0236,RECV0034,252.85,22-03-2026,21:29:09,iOS,Successful,0
TXN01051,CUST0078,RECV0141,1833.66,16-06-2026,14:33:49, iOS,Successful,0
TXN00047,CUST0070,RECV0112,815.2,10-Feb-26,20:20:11,ios,Completed,0
TXN00981,CUST0247,,333.92,09-01-2026,21:33:53,IOS,COMPLETED,0
TXN00028,CUST0039,RECV0112,4959.4,01-06-2026,07:18:16,Android ,Completed,0
TXN00904,CUST0166,RECV0141,1927.24,09-Apr-26,23:56:46,Android,success,0
TXN00842,CUST0243,RECV0114,164.28,07-01-2026,09:25:30,ANDROID,Successful,0
TXN00673,CUST0209,RECV0087,"₹1,746.76",17-01-2026,08:09:55,iOS,success,0
TXN01207,CUST0230,RECV0034,7211.99,10-Feb-26,17:01:03,WEB, Success ,1
TXN00345,CUST0036,RECV0125,412.23,19-05-2026,03:36:34,ios, Success ,0
TXN00110,CUST0115,RECV0133,685.94,21-06-2026,19:06:27,web,Completed,0
TXN01182,CUST0229,RECV0023,4219.59,04-01-2026,22:43:38, iOS,Success,0
TXN00123,CUST0112,RECV0118,1502.19,21-02-2026,21:08:45, iOS,COMPLETED,0
TXN00187,CUST0092,RECV0148,677.91,02-05-2026,05:47:43, iOS,COMPLETED,0
TXN00618,CUST0102,RECV0064,812.14,04-03-2026,14:40:12,WEB,SUCCESS,0
TXN00452,CUST0153,RECV0042,1416.17,23-02-2026,10:56:51,Web,Successful,0
TXN00526,CUST0167,RECV0105,2840.32,23-01-2026,10:34:02,iOS,success,0
TXN00541,CUST0222,RECV0082,112.04,23-02-2026,20:16:48,ios,Completed,0
TXN00370,CUST0143,RECV0064,509.58,04-01-2026,18:14:57, iOS,SUCCESS,0
TXN01175,CUST0063,RECV0052,220.71,15-01-2026,05:05:45,android,Success,0
TXN00102,CUST0007,RECV0087,540.67,21-06-2026,15:09:05,web,Completed,0
TXN00661,CUST0063,RECV0131,2702.56,06-May-26,18:36:30,Web, Success ,0
TXN01071,CUST0155,RECV0119,-2743,26-03-2026,16:36:56,web, Success ,0
TXN00599,CUST0237,RECV0125,5251.54,08-04-2026,01:00:16,IOS,COMPLETED,0
TXN01216,CUST0093,RECV0118,2522.97,27-03-2026,14:25:38, iOS, Success ,0
TXN00875,CUST0233,RECV0073,208.12,30-01-2026,12:19:52,Website,Success,0
TXN00934,CUST0253,RECV0087,723.01,06-03-2026,10:44:36,Android, Success ,0
TXN01022,CUST0090,RECV0004,372.43,04-05-2026,10:14:19,Andriod,SUCCESS,0
TXN00604,CUST0228,RECV0013,1855.49,14-01-2026,07:23:58,android,Successful,0
TXN01014,CUST0226,RECV0027,1755.35,20-04-2026,18:48:50,IOS, Success ,0
TXN00965,CUST0088,RECV0150,759.95,10-Jan-26,18:13:44,Website,Successful,0
TXN01086,CUST0168,RECV0134,1950.63,03-01-2026,20:38:30,Android ,Completed,0
TXN00397,CUST0045,RECV0088,450.55,06-02-2026,10:04:59,web,SUCCESS,0
TXN01293,CUST0192,RECV0148,1102.43,07-01-2026,13:49:40,Andriod,Success,0
TXN00575,CUST0165,RECV0124,2568.86,06-Apr-26,15:17:37,iOS,COMPLETED,0
,,,,,,,,
TXN00427,CUST0162,RECV0010,2373.51,07-04-2026,22:10:31, iOS,SUCCESS,1
TXN00682,CUST0064,RECV0148,3365.94,14-Apr-26,00:45:27,Web,Completed,0
TXN00217,CUST0042,RECV0125,501.41,07-02-2026,08:52:24,android,Success,1
TXN01114,CUST0162,RECV0014,3644.04,02-Jan-26,18:07:49,IOS,SUCCESS,0
TXN01091,CUST0169,RECV0065,1647.92,18-04-2026,00:06:45,Android ,COMPLETED,0
TXN00286,CUST0108,,134.5,06-Jun-26,16:05:30,Website,Success,0
TXN00826,CUST0063,RECV0146,131.7,21-Apr-26,09:07:00, iOS,Success,0
TXN00351,CUST0077,RECV0087,1437.12,29-05-2026,00:30:58,Web,Success,1
TXN00596,CUST0094,RECV0101,1713.77,28-Jun-26,07:56:55,Andriod,COMPLETED,0
TXN00542,CUST0126,RECV0088,721.76,19-Jun-26,10:01:58,Website,SUCCESS,0
TXN00898,CUST0241,RECV0073,157.4,26-Jan-26,22:10:04,Android ,COMPLETED,0
TXN01268,CUST0219,RECV0028,697.32,10-06-2026,10:07:08,iOS,COMPLETED,0
TXN00416,CUST0226,RECV0047,273.35,22-06-2026,13:13:32,ios,Completed,0
TXN00061,CUST0050,RECV0139,5246.43,22-Jan-26,07:35:03,web,success,0
TXN01146,CUST0190,RECV0087,425.63,10-01-2026,12:00:36,Andriod,Successful,0
TXN00400,CUST0238,RECV0073,2261.06,27-Feb-26,20:53:40,iOS,Success,0
TXN00569,CUST0092,RECV0034,1230.84,20-02-2026,21:08:24,android,Completed,0
TXN01222,CUST0111,RECV0097,456.83,17-01-2026,13:11:00,ios,COMPLETED,1
TXN00962,CUST0127,RECV0049,510.06,20-03-2026,04:19:03,WEB,Completed,0
TXN01163,CUST0070,RECV0123,1702.07,08-04-2026,18:44:52,android,SUCCESS,0
TXN00309,CUST0179,RECV0131,1482.18,04-06-2026,03:20:35,Web,Successful,0
TXN01164,CUST0094,RECV0126,5140.59,25-04-2026,11:56:21,WEB,Successful,0
TXN00509,CUST0078,RECV0026,178.54,28-May-26,16:18:26,web,Success,0
TXN01129,CUST0029,RECV0049,961.64,16-05-2026,18:47:57, iOS,Completed,0
TXN00284,CUST0234,RECV0010,5638.85,29-May-26,12:52:04, iOS,SUCCESS,1
TXN00126,CUST0028,RECV0034,2786.07,21-06-2026,09:43:16,ANDROID,Completed,0
TXN01072,CUST0168,RECV0038,985.49,19-04-2026,23:57:51,Andriod,Successful,0
TXN00697,CUST0097,RECV0039,6228.8,01-06-2026,12:02:17,android,Successful,0
TXN01178,CUST0260,RECV0148,"Rs. 1,942.31",02-01-2026,18:12:44,Web,COMPLETED,0
TXN00656,CUST0071,RECV0075,1854.79,24-Apr-26,06:51:47,Android,COMPLETED,0
TXN01085,CUST0072,RECV0118,230.2,13-04-2026,04:13:28,Web, Success ,0
TXN00505,CUST0004,RECV0122,91.93,04-03-2026,05:05:17,Website,success,0
TXN00384,CUST0150,RECV0148,4538.65,18-Feb-26,20:21:26,WEB,Success,0
TXN01303,CUST0219,RECV0054,985.91,21-05-2026,08:46:30,ANDROID,Successful,1
TXN00458,CUST0044,RECV0101,2410.46,17-Apr-26,07:01:01,Web,Completed,0
TXN00010,CUST0152,RECV0148,306.36,15-Jun-26,07:31:40,Android ,Success,0
TXN00684,CUST0116,RECV0141,5641.44,14-02-2026,13:31:24,Android ,SUCCESS,0
TXN00054,CUST0151,RECV0087,143.09,06-01-2026,05:46:04,ios,success,1
TXN01282,CUST0101,RECV0094,1416.69,10-01-2026,05:05:39,web,Success,1
TXN00041,CUST0030,RECV0150,721.61,01-May-26,03:15:42,Andriod,SUCCESS,0
TXN01349,CUST0154,RECV0034,584.82,15-Apr-26,02:55:08,Web,Successful,0
TXN00421,CUST0053,RECV0148,3473.57,13-Feb-26,12:07:14,Website,COMPLETED,0
TXN00881,CUST0128,RECV0012,3123.48,19-May-26,08:23:17,web,COMPLETED,0
TXN00084,CUST0098,RECV0057,593.68,29-03-2026,15:58:42,Web, Success ,0
TXN00116,CUST0243,RECV0116,5705.48,18-Jun-26,07:00:21,Web,SUCCESS,0
TXN01048,CUST0031,RECV0145,5879.45,12-May-26,16:55:51,Android ,COMPLETED,0
TXN00653,CUST0027,RECV0101,₹607.87,15-02-2026,05:01:35,Web,Successful,0
TXN00971,CUST0130,RECV0124,2103.55,06-Apr-26,01:59:56, iOS,success,0
TXN00547,CUST0253,RECV0088,1353.14,03-Apr-26,19:13:00,web,success,0
TXN01134,CUST0091,RECV0096,6557.98,10-Apr-26,01:09:09,iOS,Completed,0
TXN01321,CUST0038,RECV0082,146.76,14-Mar-26,15:27:26,web,Completed,0
TXN01018,CUST0186,RECV0118,4672.03,16-Mar-26,22:28:43,IOS,COMPLETED,1
TXN00380,CUST0249,RECV0032,2199.01,09-05-2026,21:52:34,WEB,COMPLETED,0
TXN00097,CUST0193,RECV0013,295.9,13-06-2026,01:42:06,Website,COMPLETED,0
TXN01171,CUST0218,RECV0034,739.2,15-04-2026,08:35:12,Web,Success,0
TXN01241,CUST0232,RECV0025,2425.17,25-Feb-26,00:59:32,Web, Success ,1
TXN00963,CUST0092,RECV0145,365.61,13-03-2026,08:56:12,Android,Success,0
TXN00049,CUST0201,RECV0012,1938.52,26-05-2026,07:40:36,Web,COMPLETED,0
TXN00634,CUST0033,RECV0148,977.15,29-03-2026,03:00:03,Website,Successful,0
TXN01340,CUST0143,RECV0024,917.81,22-Jan-26,06:34:16,iOS,success,0
TXN00681,CUST0253,RECV0109,368.16,03-Jan-26,04:30:31,web,SUCCESS,0
TXN00238,CUST0230,RECV0073,4448.76,12-04-2026,00:33:08,Website,Success,0
TXN00055,CUST0174,RECV0124,4927.27,02-06-2026,20:10:38,ios,Successful,0
TXN00124,CUST0258,RECV0083,480.53,19-May-26,17:30:37,IOS,success,0
TXN00490,CUST0097,RECV0026,11510.24,07-01-2026,17:12:05,,SUCCESS,1
TXN00269,CUST0251,RECV0088,7133.78,26-06-2026,12:49:02,IOS,Successful,0
TXN00098,CUST0025,RECV0088,567.87,26-Jun-26,08:30:44,web,Completed,0
TXN00221,CUST0167,RECV0034,1003.57,04-Jan-26,07:00:02,iOS,COMPLETED,0
TXN00042,CUST0029,RECV0100,7048.12,26-Feb-26,05:15:37,android,Success,0
TXN00813,CUST0253,RECV0013,1266.21,13-May-26,07:07:03,,COMPLETED,0
TXN00622,CUST0241,RECV0148,1599.08,20-02-2026,23:23:31,WEB,Completed,1
TXN00705,CUST0079,RECV0125,1376.03,12-Jan-26,17:22:57,iOS, Success ,0
TXN00922,CUST0011,RECV0024,2717.64,06-Jan-26,11:49:49,ios, Success ,0
TXN00594,CUST0252,RECV0011,2995.47,28-Apr-26,20:56:58, iOS,success,0
TXN00479,CUST0062,RECV0111,1305.92,18-03-2026,21:38:08,IOS, Success ,0
TXN00013,CUST0257,RECV0103,125.48,17-04-2026,17:39:09,web,success,0
TXN00572,CUST0220,RECV0073,₹245.62,12-06-2026,06:54:34,web,COMPLETED,0
TXN00611,CUST0230,RECV0060,4396.83,08-04-2026,00:14:01,WEB,Completed,0
TXN00921,CUST0230,RECV0141,"3,348.05",15-Apr-26,03:39:39,Web,Success,0
TXN00841,CUST0004,RECV0052,"Rs. 12,940.55",05-05-2026,03:33:06,Web,Completed,1
TXN00638,CUST0014,RECV0013,305.39,04-Jun-26,07:23:28,Web,Successful,0
TXN00447,CUST0121,RECV0087,"₹4,977.11",19-04-2026,13:16:55,IOS,success,1
TXN00410,CUST0114,RECV0037,1483.01,02-02-2026,04:13:08,ios,Successful,0
TXN00667,CUST0151,RECV0036,2703.15,18-06-2026,10:33:58,Website, Success ,0
TXN01288,CUST0202,RECV0088,279.55,04-02-2026,11:36:50,Website,success,1
TXN00978,CUST0202,RECV0088,4341.2,17-05-2026,00:14:56,Web,COMPLETED,0
TXN01253,CUST0245,RECV0141,891.72,03-05-2026,20:34:54,WEB,Success,0
TXN00979,CUST0189,RECV0073,"2,369.10",03-04-2026,02:41:14,iOS,SUCCESS,0
TXN01149,CUST0233,RECV0040,531.15,03-05-2026,07:09:18,IOS,COMPLETED,0
TXN00412,CUST0031,RECV0034,4473.45,01-05-2026,03:50:07,Android,Success,1
TXN00233,CUST0037,RECV0148,74.78,19-03-2026,03:46:14,ANDROID,Success,0
TXN01267,CUST0254,RECV0141,Rs. 581.43,27-04-2026,16:36:26,IOS,Completed,0
TXN00398,CUST0046,RECV0070,2448.94,02-01-2026,14:45:36,Web, Success ,0
TXN00889,CUST0192,RECV0076,2572.16,01-May-26,11:02:18,android,Completed,0
TXN01239,CUST0180,RECV0007,6818.69,25-06-2026,02:30:16,iOS, Success ,0
TXN00893,CUST0226,RECV0012,"Rs. 5,347.58",23-03-2026,10:15:51,Andriod,Successful,0
TXN01224,CUST0121,RECV0001,1963.98,26-Jun-26,18:53:54,Android,COMPLETED,0
TXN00902,CUST0190,RECV0098,2078.91,22-06-2026,16:46:37,Andriod,Completed,0
TXN00206,CUST0065,RECV0044,308.52,03-02-2026,15:29:55, iOS, Success ,1
TXN00359,CUST0093,RECV0023,"Rs. 1,639.73",08-05-2026,11:26:00,IOS,COMPLETED,0
TXN00326,CUST0019,RECV0078,7767.01,27-06-2026,08:03:40,WEB,SUCCESS,0
TXN01212,CUST0082,RECV0066,558.42,21-02-2026,08:25:07, iOS, Success ,0
TXN00413,CUST0103,RECV0008,215.55,17-Feb-26,08:37:22,web,COMPLETED,0
TXN00502,CUST0026,RECV0029,244.08,23-Apr-26,19:50:54,web,SUCCESS,0
TXN01140,CUST0255,RECV0073,291.88,21-02-2026,03:14:02,Android , Success ,0
TXN00937,CUST0083,RECV0043,2515.6,14-May-26,01:56:27,Android,COMPLETED,0
TXN01243,CUST0252,RECV0076,3581.51,14-Feb-26,09:38:21,Android ,success,0
TXN00610,CUST0069,RECV0118,2240.98,27-Mar-26,15:04:21,Web,Fail,0
TXN00371,CUST0003,RECV0011,868.45,17-04-2026,16:02:27,Website,Success,0
TXN01314,CUST0078,RECV0141,3936.18,14-01-2026,21:43:58,ios,success,1
TXN00364,CUST0228,RECV0108,1733.65,01-06-2026,10:14:49,WEB,Completed,0
TXN00557,CUST0032,RECV0012,1051.7,24-04-2026,03:43:03,Android ,Completed,0
TXN00603,CUST0111,RECV0134,213.69,24-04-2026,21:57:06,web,Successful,0
TXN00158,CUST0199,RECV0012,1579.69,01-May-26,22:33:40,Andriod,COMPLETED,1
TXN00817,CUST0096,RECV0037,1805.62,27-03-2026,15:27:21,Web,Failed,0
TXN01242,CUST0093,RECV0012,286.7,29-04-2026,20:46:03,web,COMPLETED,0
TXN00141,CUST0133,RECV0104,503.19,15-Apr-26,12:43:07,Android,Completed,0
TXN00161,CUST0004,RECV0113,953.95,09-05-2026,08:13:09,web,Success,1
TXN00306,CUST0041,RECV0024,811.84,30-Apr-26,14:06:29,WEB,success,0
TXN00973,CUST0102,RECV0034,6668.5,26-05-2026,02:19:50,android,success,0
TXN00807,CUST0175,RECV0136,488.77,23-Feb-26,09:45:29,iOS,Success,0
TXN01332,CUST0003,RECV0148,386.43,16-05-2026,07:25:00,ios,Completed,0
TXN00818,CUST0040,RECV0003,"2,530.07",13-02-2026,18:00:31,iOS,Success,0
TXN00811,CUST0044,RECV0039,₹592.56,01-04-2026,16:21:03, iOS,Completed,0
TXN00537,CUST0257,RECV0037,4440.15,22-Feb-26,07:34:27,Android ,Completed,0
TXN01016,CUST0038,RECV0126,1996.2,28-04-2026,10:18:44, iOS,COMPLETED,0
TXN00225,CUST0225,RECV0118,901.02,24-05-2026,05:34:22,,Successful,0
TXN01122,CUST0091,RECV0088,2979.97,10-05-2026,03:51:59,Web,SUCCESS,1
TXN01135,CUST0133,RECV0080,1611.98,19-04-2026,23:58:17,Web,SUCCESS,0
TXN01011,CUST0057,RECV0041,5349.38,04-Jun-26,02:00:47,,failed,0
TXN00573,CUST0168,RECV0034,782.62,05-03-2026,18:56:31,Website,COMPLETED,0
TXN01105,CUST0126,RECV0056,573.9,27-02-2026,07:01:54,ios, Success ,0
TXN01165,CUST0036,RECV0034,"₹3,206.36",15-02-2026,03:59:50,ANDROID,COMPLETED,0
TXN00373,CUST0184,RECV0087,9861.3,17-Mar-26,22:29:54,Andriod,SUCCESS,1
TXN00504,CUST0256,RECV0145,2859.89,26-01-2026,03:54:12,Android, Success ,0
TXN00983,CUST0233,RECV0103,1572.94,03-01-2026,09:27:16,android,Completed,0
TXN00279,CUST0061,RECV0001,1384.7,03-Feb-26,00:29:31,iOS, Success ,0
TXN00463,CUST0149,RECV0088,"2,484.88",09-03-2026,18:43:41,IOS,COMPLETED,0
TXN01256,CUST0201,RECV0058,54.66,26-04-2026,15:39:50,Android , Success ,0
TXN00948,CUST0061,RECV0097,"1,138.24",03-03-2026,15:22:19,web,SUCCESS,0
TXN00024,CUST0253,RECV0140,"Rs. 1,101.25",20-02-2026,04:00:59,ANDROID,success,0
TXN00741,CUST0208,RECV0145,1410.06,08-Apr-26,08:06:06,android,Success,0
TXN00510,CUST0156,RECV0003,194.85,22-03-2026,19:58:09,web,success,0
TXN00348,CUST0200,RECV0092,218.19,28-01-2026,14:47:12,Website,Success,0
TXN00663,CUST0033,RECV0118,2184.15,18-May-26,16:31:04,Web,Success,1
TXN00940,CUST0191,RECV0121,2309,13-05-2026,23:46:54,iOS,Success,0
TXN01087,CUST0153,RECV0117,723.53,01-02-2026,10:56:17,Website,Success,0
TXN00840,CUST0074,RECV0127,4097.94,24-05-2026,20:54:09,Web,success,0
TXN01337,CUST0213,RECV0053,694.21,11-Feb-26,03:48:59, iOS,SUCCESS,0
TXN01333,CUST0141,RECV0140,998.15,18-May-26,16:55:46,Andriod, Success ,0
TXN00464,CUST0241,RECV0102,1582.38,04-02-2026,12:45:27,Website,Successful,0
TXN01254,CUST0066,RECV0087,1395.68,11-05-2026,18:10:15,ANDROID,Success,0
TXN01316,CUST0088,RECV0126,1667.26,11-Apr-26,09:39:53,WEB,Successful,0
TXN00499,CUST0213,RECV0148,582.32,07-05-2026,11:56:16,Andriod, Success ,0
TXN00753,CUST0226,RECV0081,1165.62,04-Apr-26,13:32:28,WEB,COMPLETED,0
TXN01232,CUST0192,RECV0134,2046.12,21-May-26,07:36:22,IOS,success,0
TXN00232,CUST0032,RECV0107,308.66,03-04-2026,01:52:39,web,SUCCESS,0
TXN00148,CUST0035,RECV0118,3629.81,06-03-2026,11:08:42,iOS,Success,0
TXN00168,,RECV0010,2106.84,02-May-26,16:48:07,WEB,Successful,0
TXN00073,CUST0034,RECV0104,466.76,21-03-2026,18:01:11,WEB,SUCCESS,0
TXN00071,CUST0069,RECV0114,3140.91,18-03-2026,08:46:26, iOS,COMPLETED,0
TXN00641,CUST0052,RECV0148,"2,118.98",09-04-2026,18:50:54,Website,Successful,0
TXN00446,CUST0129,RECV0061,1811.19,08-May-26,10:53:37,iOS,Success,0
TXN00172,CUST0097,RECV0002,Rs. 205.75,02-Jan-26,16:00:24,Android ,Success,0
TXN00954,CUST0016,RECV0117,6218.35,01-05-2026,23:55:41,ios,Completed,0
TXN00169,CUST0067,RECV0001,538.09,04-06-2026,20:27:33,WEB,SUCCESS,0
TXN00265,CUST0141,RECV0028,2927.48,08-02-2026,19:17:38,web,Successful,1
TXN00563,CUST0005,RECV0038,8323.08,13-05-2026,01:27:22,Website,Successful,1
TXN00417,CUST0161,RECV0134,1203.57,01-02-2026,22:18:35, iOS,Success,0
TXN00878,CUST0111,RECV0012,271.62,08-01-2026,23:59:47,ios,SUCCESS,0
TXN00273,CUST0237,RECV0014,221.74,12-Feb-26,14:53:41,android, Success ,0
TXN00494,CUST0119,RECV0109,661.24,16-01-2026,02:17:57,Web,COMPLETED,0
TXN00725,CUST0171,RECV0022,₹281.17,31-Jan-26,04:11:27,Website,success,0
TXN01094,CUST0216,RECV0011,536.96,11-04-2026,14:36:55, iOS,COMPLETED,0
TXN00475,CUST0166,RECV0088,1434.04,09-Feb-26,15:29:40,Website,success,0
TXN01078,CUST0158,RECV0022,178.95,26-Apr-26,05:25:52,Website, Success ,0
TXN00043,,RECV0118,396.99,01-06-2026,18:09:36,WEB, Success ,0
TXN01070,CUST0043,RECV0073,534.05,25-Jan-26,07:14:16,android, Success ,0
TXN01081,CUST0116,RECV0109,984.61,08-Feb-26,01:25:18, iOS,Successful,0
TXN00783,CUST0201,RECV0006,289.2,26-01-2026,20:04:13,IOS,Successful,0
TXN00133,CUST0155,RECV0141,1471.05,06-May-26,10:33:14,web, Success ,0
TXN00738,CUST0203,RECV0117,1530.54,19-04-2026,18:32:19,ios,success,0
TXN01304,CUST0240,RECV0127,1915.62,12-Feb-26,14:51:57,Website,COMPLETED,0
TXN00039,CUST0128,RECV0140,223.32,11-06-2026,22:22:30,iOS,SUCCESS,0
TXN00307,CUST0239,RECV0148,2695.1,01-May-26,11:25:11,IOS,Successful,1
TXN00518,CUST0042,RECV0141,3320.64,24-Jan-26,02:23:43,IOS,Success,0
TXN00868,CUST0189,RECV0125,517.25,01-04-2026,07:05:37,android,Failed,0
TXN00507,CUST0212,RECV0133,2705.2,15-Apr-26,00:28:09,iOS,COMPLETED,0
TXN00271,CUST0056,RECV0011,1872.27,26-04-2026,16:34:25,Android , Success ,0
TXN00409,CUST0072,RECV0134,1481.73,24-04-2026,05:45:19,iOS,FAILED,0
TXN00468,CUST0222,RECV0145,4852.49,06-02-2026,23:23:59,IOS,Successful,1
TXN01201,CUST0056,RECV0051,1901.9,12-03-2026,09:10:37,IOS,COMPLETED,0
TXN00167,CUST0118,RECV0028,6374.07,07-04-2026,21:26:52,Website,SUCCESS,1
TXN00670,CUST0084,RECV0066,1084.67,13-Apr-26,04:34:13,web,Successful,0
TXN00072,CUST0097,RECV0125,1947.33,24-04-2026,11:52:03,web,Success,0
TXN00531,CUST0093,RECV0013,4664.18,17-04-2026,02:07:06,IOS,Successful,0
TXN01083,CUST0160,RECV0018,3734.09,23-02-2026,15:52:10,android,Successful,1
TXN01079,CUST0100,RECV0057,1084.59,06-02-2026,23:47:22,ANDROID,COMPLETED,0
TXN00493,CUST0149,RECV0125,1041.71,10-01-2026,19:59:43,web,COMPLETED,0
TXN01227,CUST0178,RECV0026,1224.24,16-03-2026,21:34:26,IOS,Success,0
TXN01284,CUST0118,RECV0013,1510.33,15-Apr-26,01:36:41,WEB,COMPLETED,1
TXN00587,,RECV0145,1317.6,05-02-2026,19:36:55,Website,Success,0
TXN01270,CUST0021,RECV0003,3478.96,19-06-2026,23:17:18,Website,Success,0
TXN00836,CUST0046,RECV0078,140.02,05-Feb-26,16:23:08,WEB,Success,0
TXN01306,CUST0080,RECV0134,973.05,20-06-2026,07:14:52,web,Declined,0
TXN00317,CUST0001,RECV0092,1231.04,24-05-2026,00:15:27,ios,SUCCESS,0
TXN01080,CUST0025,RECV0059,234.44,17-05-2026,05:23:10,Web,Successful,0
TXN01168,CUST0123,RECV0088,821.46,29-Jun-26,01:17:47,IOS, Success ,0
TXN00005,CUST0217,RECV0087,5659.69,27-06-2026,03:20:23,Android ,Completed,1
TXN00549,CUST0090,RECV0017,3891.62,17-Jan-26,16:46:50,Andriod,Successful,1
TXN01301,CUST0170,RECV0069,4296.95,19-06-2026,02:39:24,android,SUCCESS,0
TXN00703,CUST0108,RECV0028,2859.28,30-May-26,19:07:02,web, Success ,0
TXN00548,CUST0203,RECV0146,6729.39,29-Jan-26,17:12:42,android,success,0
TXN00900,CUST0056,RECV0145,3494.03,12-01-2026,20:28:47,IOS,Success,0
TXN00729,CUST0198,RECV0125,1035.99,01-Apr-26,19:50:40, iOS,Completed,0
TXN00649,CUST0217,RECV0033,2342.64,23-Mar-26,18:14:06,Website, Success ,0
TXN00716,CUST0203,RECV0112,2176.66,09-02-2026,02:31:11,ios,Success,0
TXN01003,CUST0210,RECV0108,5499,01-Apr-26,10:49:23,iOS,COMPLETED,0
TXN01260,CUST0071,RECV0118,"Rs. 2,891.55",01-05-2026,17:33:39,iOS,Completed,0
TXN00095,CUST0223,RECV0088,1594.12,25-06-2026,11:48:12,ios,Successful,0
TXN00096,CUST0010,RECV0141,3732.69,28-02-2026,05:07:23,Website, Success ,1
TXN00455,CUST0015,RECV0048,1458.94,14-01-2026,04:00:25,web,Success,0
TXN00519,CUST0203,RECV0109,776.64,09-03-2026,15:46:26,web,COMPLETED,0
TXN00489,CUST0185,RECV0102,3205.94,26-06-2026,04:08:00,Andriod, Success ,0
TXN01223,CUST0033,RECV0123,5618.42,13-03-2026,00:42:17,ios,success,0
TXN01311,CUST0190,RECV0088,3259.36,31-01-2026,12:37:13,iOS,SUCCESS,0
TXN01107,CUST0134,RECV0068,908.6,04-Apr-26,07:20:34, iOS,success,0
TXN00747,CUST0048,RECV0037,2000.64,01-Mar-26,16:33:46,Android,SUCCESS,0
TXN00059,CUST0243,RECV0125,1772.11,30-01-2026,08:05:41,WEB,Successful,0
TXN01036,CUST0167,RECV0107,87.95,13-05-2026,07:59:16,IOS,Success,0
TXN00062,CUST0215,RECV0122,3684.03,18-May-26,15:19:05,Andriod, Success ,0
TXN01328,CUST0259,RECV0136,217.32,12-Mar-26,19:12:27,Website,Successful,0
TXN00025,CUST0178,RECV0003,543.48,12-06-2026,21:24:54,Andriod,success,0
TXN01347,CUST0163,RECV0125,2054.11,04-03-2026,01:19:42,Android ,Completed,0
TXN00821,CUST0130,RECV0091,3590.63,04-Apr-26,16:49:42, iOS, Success ,0
TXN00737,CUST0007,RECV0073,866.58,15-03-2026,19:48:11,Android ,Success,0
TXN00298,CUST0048,RECV0124,2196.28,24-Apr-26,06:21:59,Android ,SUCCESS,0
TXN00245,CUST0026,RECV0101,571.29,22-06-2026,18:32:05,web,SUCCESS,0
TXN00026,CUST0054,RECV0061,227.44,22-02-2026,04:45:17,Android,Successful,0
TXN00859,CUST0041,RECV0077,251.36,02-02-2026,07:03:38,ios,COMPLETED,0
TXN00665,CUST0063,RECV0148,416.83,11-01-2026,17:16:54,Android, Success ,0
TXN00223,CUST0031,RECV0040,1228.35,16-Jan-26,04:31:14,Andriod,Success,0
TXN00748,CUST0175,RECV0087,2459.95,25-Apr-26,13:02:57,web, Success ,0
TXN00106,CUST0176,RECV0125,903.88,16-02-2026,12:44:54,ios,Successful,0
TXN01215,CUST0238,RECV0059,1484.97,14-01-2026,06:32:01,ios,Successful,0
TXN00131,CUST0151,RECV0026,525.7,25-04-2026,16:07:24,Web,failed,1
TXN00154,CUST0134,RECV0139,2266.92,20-May-26,11:25:14,Andriod,Success,0
TXN00132,CUST0136,RECV0034,5970.56,03-02-2026,01:09:59,android,Success,1
TXN00411,CUST0058,RECV0088,455.56,20-Jan-26,06:06:02,ANDROID,Successful,0
TXN01206,CUST0206,RECV0125,3431.14,20-05-2026,22:09:35, iOS,Success,0
TXN00927,CUST0038,RECV0107,320.14,10-May-26,19:58:09,web, Success ,1
TXN00532,CUST0074,RECV0087,1178.24,16-02-2026,21:10:03,IOS,COMPLETED,0
TXN00355,CUST0089,RECV0034,1225.62,27-03-2026,05:44:23,iOS,Success,0
TXN00539,CUST0140,RECV0026,1601.38,03-06-2026,20:13:37,ios,Success,0
TXN00882,CUST0007,RECV0026,603.58,01-02-2026,14:29:01,Android,Completed,1
TXN00987,CUST0130,RECV0034,814.41,19-04-2026,17:17:11,Android,Completed,0
TXN00076,CUST0180,RECV0034,902.52,30-03-2026,02:18:01,Website, Success ,0
TXN00037,CUST0089,RECV0141,280.44,01-04-2026,04:02:39,iOS,SUCCESS,0
TXN01198,CUST0097,RECV0076,76.6,02-06-2026,06:33:51,WEB,Success,0
TXN00058,CUST0045,RECV0123,2123.42,17-03-2026,06:10:40,android,success,0
TXN01103,CUST0182,RECV0125,5615.07,12-04-2026,19:36:05,iOS,success,1
TXN01123,CUST0056,RECV0133,508.11,31-Mar-26,15:12:38,Andriod, Success ,0
TXN00340,CUST0166,RECV0087,3684.24,07-03-2026,12:24:21,android,Success,0
TXN00511,CUST0106,RECV0114,248.16,20-05-2026,12:49:12,Website,Completed,0
TXN00700,CUST0180,RECV0073,1095.71,18-04-2026,23:20:13,WEB,Completed,1
TXN00732,CUST0186,RECV0035,151.6,23-05-2026,11:23:54,ANDROID,Successful,0
TXN00200,CUST0182,RECV0125,934.63,25-Mar-26,02:24:39, iOS,Completed,0
TXN01345,CUST0009,RECV0087,2684.49,20-06-2026,10:55:29,ANDROID,Successful,0
TXN00478,CUST0123,RECV0148,1717.22,13-04-2026,09:41:48,IOS,Success,0
TXN00087,CUST0191,RECV0119,820.81,08-Mar-26,01:55:40, iOS,Successful,0
TXN00135,CUST0170,RECV0012,6282.69,03-04-2026,20:00:07,WEB,success,0
TXN00514,CUST0217,RECV0073,285.86,10-May-26,20:32:22,IOS,COMPLETED,0
TXN00260,CUST0071,RECV0134,2874.82,23-Jan-26,20:43:14,WEB,SUCCESS,0
TXN00335,CUST0124,RECV0050,307.13,22-Jun-26,22:11:20,Website,SUCCESS,0
TXN00751,CUST0144,RECV0023,11151.05,28-05-2026,08:30:16, iOS,SUCCESS,1
TXN00004,CUST0110,RECV0012,1150.04,03-05-2026,14:00:00,web,Successful,0
TXN00740,CUST0201,RECV0144,3943.06,17-Feb-26,22:29:30,ANDROID,Successful,0
TXN00211,CUST0119,RECV0049,307.27,02-Jan-26,13:25:15,Website,Completed,0
TXN00197,CUST0154,RECV0146,1334.81,06-Mar-26,01:13:52,Android, Success ,1
TXN00745,CUST0183,RECV0025,2983.14,03-02-2026,16:06:32,Web,SUCCESS,0
TXN01052,CUST0011,RECV0002,2442.83,13-04-2026,00:00:14, iOS,Completed,0
TXN00888,CUST0213,RECV0073,406.11,19-01-2026,19:50:23, iOS, Success ,0
TXN01076,CUST0234,RECV0145,1343.66,19-06-2026,02:50:23,IOS,Successful,0
TXN01056,CUST0218,RECV0148,1348.77,11-03-2026,04:56:57,Android,SUCCESS,0
TXN00027,CUST0212,RECV0118,413.51,29-06-2026,18:06:32,Andriod,SUCCESS,0
TXN00325,CUST0006,RECV0121,1687.12,01-05-2026,13:22:51,IOS,Completed,0
TXN00642,CUST0066,RECV0078,3162.66,08-05-2026,14:10:57,Website,success,0
TXN01026,CUST0117,RECV0046,5276.69,26-06-2026,08:05:47,Web,COMPLETED,1
TXN01262,CUST0099,RECV0106,395.78,27-Mar-26,13:42:42,Web,Success,0
TXN00612,CUST0159,RECV0063,1814.35,02-03-2026,04:23:31,ANDROID,SUCCESS,0
TXN00419,CUST0209,RECV0110,2896.31,16-Mar-26,15:43:23,Android ,Successful,0
TXN00769,CUST0059,RECV0096,Rs. 788.06,15-Feb-26,05:34:27,Website,COMPLETED,0
TXN01272,CUST0113,RECV0099,"₹3,034.87",13-Feb-26,00:10:05,WEB,Successful,0
TXN00799,CUST0155,RECV0145,-280.79,12-03-2026,10:31:39,WEB,Failed,0
TXN01286,CUST0035,RECV0141,584.43,26-01-2026,17:48:23, iOS,COMPLETED,0
TXN01152,CUST0228,RECV0087,2000.52,10-04-2026,04:46:33,iOS,COMPLETED,0
TXN01065,CUST0136,RECV0073,650.97,09-06-2026,01:47:55,ios, Success ,0
TXN00674,CUST0006,RECV0057,5417.53,26-01-2026,03:11:33,Andriod, Success ,0
TXN01166,CUST0165,RECV0022,2029.15,16-03-2026,00:39:57,ios, Success ,0
TXN01160,CUST0034,RECV0081,266.06,03-04-2026,15:21:45, iOS,Successful,0
TXN00952,CUST0101,RECV0050,1435.94,24-04-2026,11:58:16,Andriod,SUCCESS,1
TXN01096,CUST0015,RECV0065,3923,27-04-2026,11:22:15,WEB,Successful,0
TXN01064,CUST0078,RECV0087,8771.21,21-06-2026,15:13:19,Android,Completed,0
TXN00009,CUST0146,RECV0026,318.04,26-06-2026,16:38:32,Andriod,Completed,0
TXN01183,CUST0135,RECV0123,3835.12,23-03-2026,15:20:34, iOS,COMPLETED,0
TXN01169,CUST0235,RECV0013,1175.36,18-06-2026,00:47:36,WEB,failed,1
TXN00651,CUST0018,RECV0013,321.52,03-Jun-26,08:54:45,android,SUCCESS,0
TXN00816,CUST0049,RECV0123,1170.44,17-02-2026,07:10:20,Web,COMPLETED,0
TXN01118,CUST0130,RECV0034,"₹7,825.03",08-05-2026,11:41:40,android, Success ,0
TXN00075,CUST0204,RECV0008,484.79,12-06-2026,19:28:11, iOS,success,0
TXN00694,CUST0122,RECV0088,192.15,14-01-2026,23:00:27,Web, Success ,0
TXN00523,CUST0216,RECV0079,908.45,13-01-2026,05:52:47,Android,success,0
TXN00336,CUST0005,RECV0087,2141.75,18-01-2026,14:22:14,WEB,Successful,0
TXN00089,CUST0071,RECV0012,121.95,21-02-2026,04:20:55,iOS,COMPLETED,0
TXN00218,CUST0128,RECV0114,3817.08,09-Apr-26,06:29:47,ANDROID,COMPLETED,0
TXN00829,CUST0181,RECV0013,768.31,19-Jun-26,09:50:54, iOS,Completed,0
TXN00998,CUST0256,RECV0044,₹453.59,23-02-2026,12:02:42,iOS,Successful,0
TXN00867,CUST0027,RECV0033,3136.11,10-Apr-26,17:08:07,iOS,Success,0
TXN01245,CUST0155,RECV0026,417.3,16-02-2026,07:45:28,IOS,Success,0
TXN00320,CUST0224,RECV0026,357.37,04-02-2026,22:38:59,ios,COMPLETED,0
TXN01184,CUST0117,RECV0118,1790.29,31-05-2026,10:59:50,iOS, Success ,1
TXN00652,CUST0111,RECV0125,1875.28,07-05-2026,22:13:54,android,success,1
TXN00267,CUST0192,RECV0126,4252.29,17-02-2026,06:14:02,Andriod,SUCCESS,0
TXN00007,CUST0110,RECV0106,1003.87,10-06-2026,06:05:57,ios,success,0
TXN00139,CUST0110,RECV0027,3331.64,25-06-2026,23:49:27,Website,COMPLETED,0
TXN00164,CUST0076,RECV0141,2481.49,15-Jan-26,19:36:40,ios,Fail,0
TXN01117,CUST0209,RECV0036,112.61,08-04-2026,03:19:22,Android , Success ,0
TXN01200,CUST0216,RECV0038,382.02,21-01-2026,17:10:38,iOS,Completed,0
TXN01327,CUST0054,RECV0129,1613.54,04-May-26,10:43:42,android,Success,0
TXN00524,CUST0179,RECV0107,2504.4,18-01-2026,18:28:57, iOS,SUCCESS,0
TXN00692,CUST0102,RECV0069,1691.63,03-05-2026,17:31:51, iOS,success,0
TXN00802,CUST0003,RECV0067,117.36,26-06-2026,03:03:19,Andriod,COMPLETED,0
TXN00761,CUST0133,RECV0024,147.42,17-02-2026,10:48:19,iOS,SUCCESS,0
TXN00020,CUST0023,RECV0088,1056.5,04-Jan-26,05:59:54,ANDROID,Declined,0
TXN00565,CUST0172,RECV0145,1630.07,07-06-2026,15:14:58,android,Failed,1
TXN01287,CUST0096,RECV0084,1849.49,04-03-2026,16:52:01,ios,Successful,0
TXN01121,CUST0256,RECV0089,145.55,16-02-2026,04:38:23,web, Success ,0
TXN00803,CUST0195,RECV0036,5725.15,11-Mar-26,04:20:55,android,Completed,0
TXN00138,CUST0152,RECV0013,6225.49,16-Jun-26,17:00:40,Web,SUCCESS,1
TXN00558,CUST0196,RECV0125,2945.03,13-04-2026,21:39:00,Website,Successful,0
TXN01111,CUST0012,RECV0015,"₹2,790.14",24-05-2026,22:09:04,IOS, Success ,0
TXN00621,CUST0132,RECV0117,-3602.79,08-Apr-26,19:30:04,Web,Success,0
TXN00699,CUST0114,RECV0016,245.85,28-03-2026,01:19:07,Web,Completed,0
TXN00735,CUST0038,RECV0041,4264.36,03-05-2026,07:04:00,ANDROID,Successful,1
TXN01021,CUST0080,RECV0081,-124.89,31-05-2026,15:41:10,ios,Success,0
TXN01281,CUST0224,RECV0034,"1,410.96",07-Mar-26,05:10:14,ios,Success,1
TXN00766,CUST0019,RECV0049,620.64,25-02-2026,05:38:24,Website,Success,0
TXN00328,CUST0130,RECV0071,4689.63,03-Feb-26,23:07:38,android, Success ,0
TXN00318,CUST0163,RECV0112,2145.31,08-04-2026,05:30:08,Website, Success ,0
TXN01188,CUST0143,RECV0012,1934.93,28-Feb-26,13:54:10,iOS,Completed,0
TXN01276,CUST0195,RECV0070,348.86,06-01-2026,15:27:50,Website,success,0
TXN00529,CUST0097,RECV0005,3417.99,02-May-26,00:17:50,Android ,Success,1
TXN00527,CUST0143,RECV0141,1716.15,15-Jun-26,20:50:49,WEB,Successful,0
TXN00994,CUST0257,RECV0125,3182.35,21-06-2026,09:17:00,web,COMPLETED,0
TXN00480,CUST0189,RECV0088,1447.21,12-05-2026,08:36:38,ios,COMPLETED,0
TXN00339,CUST0095,RECV0026,105.7,06-Mar-26,14:59:17,WEB, Success ,0
TXN00619,CUST0041,RECV0043,2725.68,03-04-2026,16:39:47,iOS,COMPLETED,0
TXN00149,CUST0146,RECV0148,3871.88,08-Jun-26,10:39:42,IOS,COMPLETED,0
TXN01098,CUST0165,RECV0045,773.25,13-04-2026,10:22:39,Android ,SUCCESS,0
TXN01255,CUST0186,RECV0105,,27-02-2026,12:01:12,ios,Successful,1
TXN01338,CUST0036,RECV0032,7206.5,20-01-2026,07:04:49,Android,COMPLETED,0
TXN00247,CUST0257,RECV0034,467.99,22-Apr-26,17:12:31,IOS,Success,0
TXN00366,CUST0075,RECV0117,1291.37,25-02-2026,04:29:46, iOS,COMPLETED,0
TXN01015,CUST0188,RECV0037,1242.36,16-Apr-26,06:16:06,iOS,Successful,0
TXN00199,CUST0211,RECV0051,1923.54,01-02-2026,20:34:11,Website,Success,0
TXN00639,CUST0244,RECV0049,11673.64,12-May-26,00:40:23,IOS,Successful,1
TXN01062,CUST0024,RECV0046,2884.68,06-02-2026,16:09:08,Android ,COMPLETED,0
TXN01012,CUST0209,RECV0099,1816.96,14-May-26,08:56:45,ios,SUCCESS,0
TXN01252,CUST0005,RECV0036,3094.62,19-03-2026,15:51:13,Android ,SUCCESS,0
TXN00484,CUST0218,RECV0026,72.1,16-Apr-26,11:16:37,ios,success,0
TXN00159,CUST0135,RECV0045,771.54,29-05-2026,11:37:41,ios,Successful,0
TXN00316,CUST0005,RECV0104,224.3,06-06-2026,01:23:57,ios,Completed,0
TXN00257,CUST0046,RECV0088,3100.85,17-02-2026,00:02:15,web,Success,0
TXN00949,CUST0041,RECV0043,"1,410.40",04-06-2026,22:09:53, iOS, Success ,0
TXN00385,CUST0168,RECV0136,59.57,05-05-2026,14:19:36,ios,SUCCESS,0
TXN00178,CUST0135,RECV0010,751.32,26-Feb-26,19:41:33,ios,Success,0
TXN01025,CUST0041,RECV0134,1669.33,15-01-2026,23:11:44,IOS,success,0
TXN00315,CUST0163,RECV0078,748.39,18-Mar-26,22:58:22,iOS,success,0
TXN00358,CUST0065,RECV0034,"1,518.55",22-Feb-26,07:11:39,IOS,Successful,0
TXN00299,CUST0159,RECV0087,1004.81,25-03-2026,21:08:13,Web,Completed,0
TXN00456,CUST0161,RECV0141,1066.65,28-May-26,20:48:08,Web,Successful,0
TXN01024,CUST0117,RECV0009,2372.64,21-Feb-26,10:32:04,Android ,Successful,0
TXN00883,CUST0019,RECV0143,649.68,02-Apr-26,18:05:17,,success,0
TXN00688,CUST0206,RECV0125,809.92,01-04-2026,16:32:57,ANDROID,success,0
TXN00528,CUST0064,RECV0050,268.41,14-Jun-26,18:48:03,web,success,0
TXN01136,CUST0213,RECV0049,578,16-04-2026,08:38:00,ios,Completed,0
TXN00160,CUST0129,RECV0058,1075.93,07-Apr-26,11:31:50,iOS,Success,0
TXN00757,CUST0034,RECV0012,922.01,23-03-2026,23:30:07,web,Successful,0
TXN00361,CUST0107,RECV0087,906.9,12-03-2026,15:31:11,Website,Success,0
TXN01197,CUST0248,RECV0034,1107.94,24-May-26,10:38:56, iOS,success,0
TXN00203,CUST0186,RECV0116,854.29,31-05-2026,00:08:46,Android ,COMPLETED,0
TXN00986,CUST0233,RECV0034,1537.33,22-04-2026,11:03:56, iOS,Completed,1
TXN00113,CUST0194,RECV0021,5779.51,14-04-2026,14:05:54,Website, Success ,0
TXN01068,CUST0001,RECV0066,1178.62,21-03-2026,17:23:39,Website, Success ,0
TXN00308,CUST0170,RECV0008,108.18,25-03-2026,11:30:29,ANDROID,COMPLETED,0
TXN00870,CUST0161,RECV0063,52.02,31-Mar-26,19:25:30,Android,COMPLETED,0
TXN00423,CUST0249,RECV0088,1991.81,11-May-26,07:40:08,iOS, Failed,1
TXN00643,CUST0247,RECV0063,1407.75,19-Jun-26,22:05:06,Web,Completed,0
TXN01194,CUST0118,RECV0064,1481.32,01-06-2026,00:20:32,iOS,SUCCESS,0
TXN01320,CUST0077,RECV0073,430.02,09-Feb-26,04:06:28,Andriod,Completed,0
TXN00460,CUST0077,RECV0044,378.32,23-01-2026,00:45:33,Andriod,Success,0
TXN00789,CUST0089,RECV0072,3930.59,20-02-2026,18:50:49,Andriod,Completed,0
TXN00666,CUST0064,RECV0013,761.41,10-May-26,00:15:19,Website,Failed,1
TXN01318,CUST0115,RECV0125,522.4,26-06-2026,05:44:30,Web,success,0
TXN00450,CUST0123,RECV0080,840.32,06-Mar-26,11:57:51,web,Successful,0
TXN00791,CUST0197,RECV0145,4262.96,20-Apr-26,02:28:10,Website,success,0
TXN00081,CUST0056,RECV0034,926.2,04-May-26,08:41:45,IOS, Success ,0
TXN01187,CUST0049,RECV0039,683.98,05-Jan-26,00:31:25,Android ,SUCCESS,0
TXN00869,CUST0024,RECV0064,,04-01-2026,01:08:28,Android, Success ,0
TXN00216,CUST0008,RECV0125,4577.88,07-05-2026,11:29:44,IOS,Success,0
TXN00771,CUST0009,RECV0027,2422.01,07-Jun-26,17:06:40,web,COMPLETED,0
TXN00031,CUST0136,RECV0026,5750.83,31-01-2026,01:13:53,Web, Success ,1
TXN00243,CUST0179,RECV0031,546.56,22-04-2026,23:41:54,ANDROID, Success ,0
TXN00792,CUST0130,RECV0136,8198.26,31-05-2026,03:11:51,ANDROID,SUCCESS,0
TXN00210,CUST0147,RECV0126,618.84,01-05-2026,09:00:49,IOS, Success ,0
TXN01050,CUST0045,RECV0049,3420.31,27-May-26,13:52:17,web,Success,0
TXN00436,CUST0206,RECV0024,421.33,27-Feb-26,03:37:21,WEB, Success ,0
TXN00877,CUST0221,RECV0034,4621.08,17-05-2026,19:48:57,Andriod,success,1
TXN01274,CUST0113,RECV0148,341.91,13-03-2026,18:55:38, iOS, Success ,0
TXN00955,CUST0020,RECV0118,1246.12,05-04-2026,02:26:53,Android,Completed,1
TXN01277,CUST0165,RECV0100,532.74,06-Jan-26,06:23:09,Website, Success ,0
TXN00552,CUST0115,RECV0125,1428.56,13-Jan-26,00:25:12,iOS,success,0
TXN00545,CUST0184,RECV0118,497.45,10-04-2026,14:23:59,Andriod,COMPLETED,0
TXN01180,CUST0147,RECV0089,4728.75,25-02-2026,00:41:56,Website,Completed,0
TXN00849,CUST0072,RECV0078,3647.72,13-Mar-26,20:30:24,Andriod,COMPLETED,0
TXN00701,CUST0052,RECV0088,3015.13,21-Apr-26,03:06:42,iOS,failed,0
TXN00404,CUST0215,RECV0092,10185.87,12-06-2026,02:32:12,web, Success ,1
TXN01343,CUST0248,RECV0018,86.41,31-05-2026,07:53:42,Web, Success ,0
TXN00363,CUST0054,RECV0046,4188.32,14-01-2026,15:32:07,android,Completed,0
TXN00272,CUST0199,RECV0013,,13-05-2026,12:56:19,IOS,success,0
TXN00467,CUST0022,RECV0141,2259.53,29-May-26,14:08:05,IOS, Success ,0
TXN01213,CUST0015,RECV0132,1215.67,25-04-2026,05:07:02,Android ,Completed,0
TXN01158,CUST0162,RECV0136,3649.26,06-06-2026,21:06:50,ANDROID,COMPLETED,0
TXN00278,CUST0075,RECV0014,686.78,15-02-2026,23:49:28,IOS,Success,0
TXN01211,CUST0085,RECV0013,3846.92,12-04-2026,09:17:35,web,Completed,1
TXN01292,CUST0019,RECV0145,2077.74,22-02-2026,19:57:26,Android ,COMPLETED,0
TXN01203,CUST0223,RECV0141,1299.27,15-Jun-26,20:18:20,Android ,success,0
TXN01228,CUST0045,RECV0141,439.46,04-Jun-26,20:29:28,IOS,success,0
TXN00443,CUST0082,RECV0034,1132.5,11-03-2026,21:35:11,ios, Success ,0
TXN00300,CUST0199,RECV0034,3783.2,14-05-2026,19:55:05,Web,Success,0
TXN00863,CSUT0072,RECV0085,5904.16,22-Feb-26,01:15:31,WEB,Success,0
TXN00376,CUST0107,RECV0145,153.07,25-06-2026,16:58:43,android, Success ,0
TXN01344,CUST0235,RECV0145,2455.32,10-04-2026,01:28:12,Android,Failed,0
TXN01259,CUST0156,RECV0079,1670.48,18-May-26,16:31:24, iOS,COMPLETED,0
TXN00831,CUST0017,RECV0064,2441.89,02-05-2026,12:27:25,Website,COMPLETED,0
TXN00473,CUST0109,RECV0002,2579.02,30-05-2026,05:26:58,web,SUCCESS,0
TXN00717,CUST0097,RECV0047,145.35,26-05-2026,09:10:56,Andriod,success,0
TXN00564,CUST0104,RECV0026,1643.73,18-Jan-26,14:38:44,Web,Completed,0
TXN01233,CUST0055,RECV0117,4826.56,27-Feb-26,06:45:00,Website,Completed,0
TXN00389,CUST0177,RECV0139,3145.27,07-02-2026,09:07:58,web,failed,0
TXN00023,CUST0160,RECV0088,8540.3,25-03-2026,09:47:39,web,Completed,1
TXN00672,CUST0215,RECV0125,"2,351.22",09-02-2026,07:04:17,Web,SUCCESS,0
TXN00125,CUST0214,RECV0137,5310.28,22-06-2026,00:33:06,iOS,Failed,0
TXN00424,CUST0028,RECV0007,4913.85,18-Jan-26,19:43:20,ios, Success ,0
TXN00336,CUST0005,RECV0087,2141.75,18-01-2026,14:22:14,WEB,Successful,0
TXN00926,CUST0140,RECV0097,5995.86,01-02-2026,23:56:17,Android , Success ,0
TXN00944,CUST0131,RECV0052,653.75,24-05-2026,06:17:11,Website, Success ,1
,,,,,,,,
TXN00143,CUST0045,RECV0113,4054.41,14-03-2026,00:30:10,Website,Completed,0
TXN00051,CUST0172,RECV0148,5411.82,25-04-2026,11:16:50,android,Successful,0
TXN00976,CUST0202,RECV0088,2596.89,28-06-2026,22:15:48,iOS,Completed,0
TXN00861,CUST0039,RECV0133,427.57,17-May-26,09:25:39,WEB,success,0
TXN00624,CUST0198,RECV0125,"Rs. 2,773.46",25-May-26,11:32:45,web,SUCCESS,0
TXN00946,CUST0243,RECV0148,222.06,23-02-2026,19:09:09,android,Success,0
TXN00082,CUST0153,RECV0148,2110.08,18-Feb-26,12:42:20,web,COMPLETED,0
TXN00483,CUST0154,RECV0076,2710.21,05-Mar-26,02:58:02,WEB, Success ,0
TXN00322,CUST0122,RECV0013,54.68,09-05-2026,01:36:30,android,COMPLETED,0
TXN01132,CUST0096,RECV0019,81.56,26-02-2026,06:36:40,iOS,Success,0
TXN00896,CUST0126,RECV0036,2269.33,15-04-2026,10:20:07,iOS,COMPLETED,0
TXN01295,CUST0239,RECV0053,2370.61,30-04-2026,01:15:09,ios,Successful,0
TXN00067,CUST0077,RECV0150,297.57,07-02-2026,03:36:49,ANDROID,Successful,0
TXN01202,CUST0064,RECV0142,,14-01-2026,10:53:46,ANDROID,Completed,0
TXN01322,CUST0155,RECV0009,906.05,23-02-2026,06:22:04,IOS,Fail,0
TXN00958,CUST0034,RECV0129,1691.81,19-Feb-26,02:11:28,iOS,Failed,0
TXN00418,CUST0168,RECV0034,1726.99,07-May-26,09:43:53,Web,Completed,0
TXN00633,CUST0210,RECV0028,2210.24,23-04-2026,02:18:05,android,success,0
TXN01305,CUST0191,RECV0067,1680.3,01-May-26,23:21:40,Website,SUCCESS,0
TXN00065,CUST0076,RECV0118,2085.12,02-06-2026,02:24:35,Android, Success ,0
TXN00140,CUST0079,RECV0085,1728.01,07-01-2026,08:35:04,ANDROID,success,1
TXN01273,CUST0139,RECV0148,2669.44,05-05-2026,07:29:39,Android ,SUCCESS,0
TXN00907,CUST0087,RECV0011,172.18,08-01-2026,17:51:12,Website,Failed,0
TXN00492,CUST0125,RECV0125,779.5,21-Feb-26,22:27:26,WEB,Successful,1
TXN00880,CUST0196,RECV0061,66.4,30-04-2026,08:51:43,Android,Completed,0
TXN00913,CUST0249,RECV0073,1001.36,17-02-2026,16:54:46,Android , Success ,1
TXN00533,CUST0093,RECV0077,1229.97,07-01-2026,04:26:57,IOS,success,0
TXN00066,CUST0142,RECV0004,1583.3,14-05-2026,18:33:50,Website,success,0
TXN01144,CUST0100,RECV0113,5777,27-03-2026,19:33:18,android,Completed,1
TXN00736,CUST0077,RECV0036,1940.54,16-02-2026,09:30:26,WEB,success,0
TXN01139,CUST0147,RECV0067,1417.66,14-03-2026,12:52:56,Android,Completed,0
TXN00297,CUST0122,RECV0078,407.36,06-04-2026,05:07:23,iOS,Success,0
TXN00592,CUST0106,RECV0122,4013.44,21-03-2026,18:12:32,iOS, Success ,1
TXN00420,CUST0252,RECV0088,253.1,22-Jun-26,02:07:09,web,Successful,0
TXN00439,CUST0096,RECV0120,4342.12,28-05-2026,17:51:39,Web,Successful,0
TXN00262,CUST0104,RECV0118,1227.23,05-Feb-26,13:58:49,Android ,SUCCESS,0
TXN00991,CUST0041,RECV0078,1425.36,28-Mar-26,05:47:16,Android,SUCCESS,0
TXN00282,CUST0179,RECV0073,1156.96,10-01-2026,09:21:58,WEB,Completed,0
TXN00627,CUST0083,RECV0087,"₹7,654.10",04-01-2026,12:45:37,IOS,Success,0
TXN00864,CSUT0019,RECV0107,1177.46,30-03-2026,02:56:35,web,Success,0
TXN00876,CUST0143,RECV0005,761.3,06-06-2026,14:02:14, iOS,COMPLETED,0
TXN00189,CUST0183,RECV0031,2198.8,09-Feb-26,21:31:39,Website,Failed,0
TXN01090,CUST0222,RECV0087,66.33,18-Apr-26,23:46:17, iOS,SUCCESS,0
TXN00252,CUST0008,RECV0029,90.38,29-03-2026,00:21:13,IOS,SUCCESS,0
TXN00972,CUST0056,RECV0069,956.17,18-04-2026,18:01:10,IOS,success,0
TXN00846,CUST0146,RECV0125,3315.53,28-04-2026,20:57:42,web,Successful,1
TXN00906,CUST0148,RECV0028,920.98,08-Mar-26,08:09:06,WEB,Completed,0
TXN00779,CUST0079,RECV0140,4391.1,08-01-2026,18:24:01,Android,SUCCESS,0
TXN00515,CUST0064,RECV0118,1163.73,25-Apr-26,23:37:36,Android,Completed,1
TXN00768,CUST0256,RECV0106,223.12,16-06-2026,17:27:33,iOS,Successful,0
TXN00707,CUST0149,RECV0016,5763.49,12-Jan-26,06:47:52,web,COMPLETED,0
TXN00488,CUST0060,RECV0088,1694.96,04-01-2026,21:47:38,IOS,COMPLETED,0
TXN00664,CUST0064,RECV0031,5783.24,23-02-2026,22:11:00,Web,Completed,0
TXN00274,CUST0257,RECV0012,2382.94,29-01-2026,17:08:25,WEB,Successful,0
TXN00686,CUST0002,RECV0056,1807.51,11-06-2026,16:52:57,Website, Failed,0
TXN01128,CUST0252,RECV0083,2147.75,07-01-2026,12:19:31,web,Success,0
TXN01225,CUST0251,RECV0013,1527.06,01-03-2026,14:52:30,iOS,success,1
TXN00449,CUST0186,RECV0079,5496.39,02-05-2026,01:53:47,Web, Success ,1
TXN00412,CUST0031,RECV0034,4473.45,01-05-2026,03:50:07,Android,Success,1
TXN00459,CUST0118,RECV0051,2179.85,23-01-2026,01:25:39,Android, Success ,0
TXN00935,CUST0138,RECV0013,Rs. 746.16,26-06-2026,15:20:41,WEB,Successful,0
TXN01195,CUST0076,RECV0013,1683.58,09-06-2026,23:17:04,WEB,Completed,0
TXN00668,CUST0108,RECV0073,177.24,26-06-2026,04:19:54,Android,Completed,0
TXN01124,CUST0173,RECV0141,407.23,27-04-2026,03:42:35,IOS,Completed,0
TXN00150,CUST0079,RECV0081,536.15,25-May-26,00:20:15,Android,SUCCESS,0
TXN00755,CUST0149,RECV0125,Rs. 50.43,07-04-2026,12:55:29,android,COMPLETED,0
TXN01088,CUST0196,RECV0088,966.63,07-03-2026,22:44:55,ANDROID,COMPLETED,0
TXN00734,CUST0071,RECV0037,"1,380.30",31-01-2026,22:27:23,Andriod,Successful,0
TXN00219,CUST0107,RECV0080,1493.68,02-May-26,20:46:02,Android,COMPLETED,0
TXN00240,CUST0080,RECV0145,4833.62,25-01-2026,07:14:16,Website,success,1
TXN00936,CUST0248,RECV0021,2370,12-05-2026,22:04:24,IOS,Success,0
TXN00726,CUST0093,RECV0078,2413.64,23-06-2026,11:56:06,iOS,success,0
TXN00193,CUST0052,RECV0067,5786.51,25-03-2026,07:17:30,iOS,COMPLETED,0
TXN00192,CUST0090,RECV0133,4492.58,28-Apr-26,00:00:43,web, Success ,0
TXN00759,CUST0221,RECV0148,180.68,02-05-2026,13:17:16,Website,Completed,0
TXN00774,CUST0158,RECV0002,684.32,17-04-2026,01:00:01,iOS, Success ,0
TXN00778,CUST0134,RECV0145,634.48,22-May-26,00:27:00,android,COMPLETED,0
TXN00645,CUST0064,RECV0013,1290.8,20-06-2026,02:50:44, iOS,SUCCESS,0
TXN00931,CUST0056,RECV0073,6059.84,26-Apr-26,14:23:30,Android,Completed,0
TXN00968,CUST0191,RECV0009,"Rs. 7,533.27",25-05-2026,20:22:55,android,SUCCESS,0
TXN00017,CUST0133,RECV0069,569.89,12-Feb-26,00:21:51,android, Success ,0
TXN00923,CUST0026,RECV0013,944.32,13-05-2026,12:55:45,Web,success,1
TXN00583,CUST0204,RECV0118,993.6,28-02-2026,16:37:50,Android, Success ,0
TXN00919,CUST0138,RECV0125,9729.89,10-05-2026,21:20:26, iOS,Completed,1
TXN00628,CUST0097,RECV0125,2517.75,19-Apr-26,21:56:24,web,SUCCESS,1
TXN01263,CUST0072,RECV0026,855.49,26-06-2026,17:35:20,WEB,Success,0
TXN00324,CUST0046,RECV0020,208.95,04-03-2026,18:19:39,web,Completed,0
TXN01109,CUST0244,RECV0012,844.15,18-05-2026,22:44:41,IOS,COMPLETED,0
TXN00632,CUST0258,RECV0055,2486.45,29-01-2026,23:11:51,ANDROID,Successful,0
TXN01066,CUST0024,RECV0135,850.93,19-05-2026,00:22:57,Andriod,COMPLETED,0
TXN00852,CUST0244,RECV0061,3697.11,24-03-2026,23:57:24,android,Completed,0
TXN00438,CUST0161,RECV0065,1858.03,21-02-2026,21:48:35,IOS, Success ,0
TXN01181,CUST0145,RECV0087,1087.81,11-02-2026,01:39:48,Web,success,0
TXN01055,CUST0066,RECV0087,1460.71,19-05-2026,07:42:13,ios, Success ,0
TXN00342,CUST0074,RECV0056,961,19-05-2026,14:45:16,ANDROID,Completed,0
TXN00003,CUST0085,RECV0079,6097.33,14-01-2026,13:41:05,Android,Success,0
TXN00230,CUST0104,RECV0026,467.93,28-Jan-26,21:31:33,IOS,COMPLETED,1
TXN01035,CUST0108,RECV0083,367.42,27-05-2026,05:54:10,iOS,Successful,0
TXN01312,CUST0147,RECV0043,2043.43,04-03-2026,10:37:24,Web,Success,0
TXN00077,CUST0110,RECV0053,121.54,26-Feb-26,16:01:55,iOS,SUCCESS,0
TXN01257,CUST0081,RECV0074,1878.93,03-Mar-26,13:38:01,Android,COMPLETED,0
TXN01095,CUST0222,RECV0056,531.42,21-06-2026,20:21:06,Android,Completed,0
TXN00372,CUST0051,RECV0022,1254.31,26-04-2026,22:46:26,Android ,COMPLETED,0
TXN00181,CUST0181,RECV0052,4576.52,21-06-2026,22:04:58,Web,COMPLETED,0
TXN00928,CUST0201,RECV0080,2415.29,19-02-2026,16:47:01,iOS,success,0
TXN00578,CUST0022,RECV0087,1395.98,30-04-2026,13:26:23,ios,Success,0
TXN00956,CUST0228,RECV0081,3018.17,13-Jun-26,20:39:47,Andriod,Declined,1
TXN00987,CUST0130,RECV0034,814.41,19-04-2026,17:17:11,Android,Completed,0
TXN01170,CUST0103,RECV0010,1721.76,01-May-26,22:24:21,iOS, Success ,0
TXN01161,CUST0052,RECV0141,5049.16,24-05-2026,13:10:35,WEB,SUCCESS,1
TXN00838,CUST0236,RECV0034,5942.09,14-01-2026,03:21:38,Web,Successful,0
TXN00590,CUST0146,RECV0026,1566.82,22-02-2026,01:23:33,IOS,Failed,0
TXN01196,CUST0142,RECV0016,1470.14,06-Feb-26,20:00:20,Android,Successful,0
TXN00786,CUST0063,RECV0138,1487.65,19-02-2026,06:55:23,Android,Completed,1
TXN01040,CUST0103,RECV0113,"₹1,273.62",25-02-2026,02:15:10,ANDROID,success,0
TXN00312,CUST0250,RECV0119,4093.46,30-01-2026,14:11:19,android,COMPLETED,0
TXN00302,CUST0164,RECV0070,6558.82,23-04-2026,03:00:39, iOS,SUCCESS,0
TXN00723,CUST0073,RECV0007,"Rs. 1,203.72",01-Jan-26,04:22:41,ios,SUCCESS,0
TXN00690,CUST0138,RECV0113,1008.28,28-Jan-26,23:27:00,iOS,Successful,0
TXN00038,CUST0152,RECV0141,803.06,08-May-26,08:24:08,Andriod,Completed,0
TXN00354,CUST0206,RECV0026,1933.64,25-03-2026,10:53:50,Andriod,SUCCESS,0
TXN01313,CUST0043,RECV0003,180.49,22-Jan-26,15:57:05, iOS,Successful,0
TXN00715,CUST0132,RECV0142,1922.61,10-Jun-26,07:20:17,ios,Successful,0
TXN00237,CUST0221,RECV0145,2544.69,24-03-2026,17:59:47,IOS,COMPLETED,0
TXN01133,CUST0196,RECV0030,752.5,22-02-2026,07:42:52,Android ,COMPLETED,0
TXN00730,CUST0126,RECV0128,2905.55,09-04-2026,17:34:52,iOS,COMPLETED,0
TXN01119,CUST0049,RECV0012,748.17,15-May-26,11:06:10,WEB,FAILED,1
TXN00810,CUST0057,RECV0088,2164.64,03-Mar-26,16:28:22,Website, Success ,1
TXN00500,CUST0090,RECV0087,4114.15,09-05-2026,03:35:14,Android,Success,1
TXN00554,CUST0050,RECV0007,690.98,08-01-2026,10:53:16,WEB,SUCCESS,0
TXN00056,CUST0028,RECV0148,1301.41,26-Jan-26,23:59:46,WEB,success,0
TXN00303,CUST0106,RECV0082,1708.05,19-05-2026,09:36:15,web,Successful,0
TXN00795,CUST0112,RECV0020,974.23,27-01-2026,13:43:48,Web, Success ,0
TXN00287,CUST0148,RECV0082,1795.47,20-Apr-26,19:22:59,WEB,COMPLETED,0
TXN01034,CUST0119,RECV0034,130.36,24-Feb-26,15:06:43,Website,Successful,0
TXN00220,CUST0063,RECV0077,374.23,06-03-2026,21:13:07,ANDROID,SUCCESS,0
TXN00825,CUST0170,RECV0071,1215.6,11-Apr-26,18:33:44,Andriod,COMPLETED,0
TXN00388,CUST0022,RECV0113,2360.05,23-03-2026,06:35:45,android,Failed,0
TXN00957,CUST0163,RECV0094,52.22,13-02-2026,12:26:53,Website,Success,0
TXN00391,CUST0076,RECV0114,1428.43,25-May-26,23:30:57,Android ,Declined,0
TXN00839,CUST0247,RECV0073,690.5,26-Jun-26,23:45:03,web,Completed,1
TXN00353,CUST0088,RECV0087,"₹2,258.49",01-06-2026,07:04:51,web,Successful,1
TXN00194,CUST0188,RECV0054,157.29,17-02-2026,11:54:25, iOS,COMPLETED,0
TXN00236,CUST0081,RECV0114,"Rs. 1,425.76",17-May-26,17:20:54,ios,Successful,0
TXN01154,CUST0192,RECV0125,1535.23,14-Jun-26,14:19:57,web,SUCCESS,1
TXN00695,CUST0249,RECV0064,₹195.72,22-01-2026,16:11:15,web,Successful,0
TXN00481,CUST0189,RECV0026,1249.21,07-Jun-26,16:21:29,Andriod,Successful,0
TXN00568,CUST0023,RECV0034,1426.19,08-01-2026,23:11:21,iOS,SUCCESS,0
TXN00117,CUST0150,RECV0028,3808.19,21-05-2026,22:47:46,Andriod,Successful,1
TXN01077,CUST0065,RECV0088,"Rs. 1,009.01",25-01-2026,17:45:18,ANDROID,COMPLETED,0
TXN00654,CUST0243,RECV0101,"₹2,421.42",31-Mar-26,09:18:44,web,Successful,0
TXN01138,CUST0035,RECV0043,805.18,16-02-2026,21:45:59,IOS,Success,0
TXN01261,CUST0138,RECV0132,1922.31,11-03-2026,07:36:12,iOS,Completed,0
TXN00758,CUST0080,RECV0148,4904.53,01-05-2026,19:49:24,Android ,Success,0
TXN00996,CUST0167,RECV0034,749.75,26-02-2026,14:37:26,WEB,success,0
TXN01057,CUST0193,RECV0054,1646.37,07-01-2026,14:25:12,ios,Completed,0
TXN00121,CUST0165,RECV0108,223.13,10-05-2026,07:17:25,Website,COMPLETED,0
TXN01042,CUST0193,RECV0026,979.3,16-01-2026,11:28:59,Web,COMPLETED,0
TXN01167,CUST0187,RECV0034,1599.48,06-Mar-26,15:20:57,Andriod,Success,0
TXN01009,CUST0235,RECV0062,689.02,05-04-2026,06:20:08,Web,SUCCESS,0
TXN00063,CUST0018,RECV0133,1871.08,09-05-2026,19:09:07,WEB,Successful,0
TXN00744,CUST0024,RECV0034,,13-01-2026,12:32:12,ios,SUCCESS,1
TXN00862,CUST0057,RECV0068,3891.2,30-05-2026,10:26:16,Andriod,SUCCESS,0
TXN00454,CUST0083,RECV0087,518.18,28-06-2026,23:52:35,,Success,0
TXN00516,CUST0120,RECV0026,375.7,31-Mar-26,18:43:08,WEB,Completed,0
TXN00571,CUST0223,RECV0141,2659.44,17-Jan-26,17:24:44,ANDROID, Success ,0
TXN00224,CUST0178,RECV0006,7644.13,23-04-2026,23:08:16, iOS,Completed,0
TXN01298,CUST0139,RECV0148,3123.75,16-Jan-26,00:28:25,iOS,Completed,0
TXN00614,CUST0163,RECV0011,-3188.45,14-06-2026,20:52:18, iOS,SUCCESS,0
TXN00844,CUST0124,RECV0140,1356.5,13-Feb-26,09:18:42, iOS,Completed,0
TXN00222,CUST0244,RECV0096,2755.92,26-06-2026,05:31:05,,success,0
TXN00872,CUST0228,RECV0142,2593.75,19-Mar-26,07:33:57,web, Success ,0
TXN00517,CUST0127,RECV0012,421.14,27-01-2026,14:06:09,IOS,Success,0
TXN00466,CUST0024,RECV0012,"2,562.72",02-Jan-26,21:23:08, iOS,Success,0
TXN00053,CUST0052,RECV0148,594.16,03-05-2026,07:10:28,Web,Success,0
TXN01247,CUST0221,,2888.61,06-Jan-26,13:30:02,ANDROID,Success,0
TXN00486,CUST0153,RECV0117,1550.44,22-03-2026,19:51:16,ios,SUCCESS,0
TXN01297,,RECV0123,1732.27,11-01-2026,16:10:00,IOS,Success,1
TXN00819,CUST0057,RECV0146,113.88,12-01-2026,07:33:32,IOS,SUCCESS,0
TXN00387,CUST0083,RECV0141,1264.66,18-05-2026,21:50:09,WEB,COMPLETED,0
TXN00156,CUST0085,RECV0141,3073.41,12-05-2026,04:47:46,WEB,Completed,1
TXN01106,CUST0213,RECV0146,851.21,23-05-2026,16:37:25,Android,COMPLETED,0
TXN00601,CSUT0072,RECV0042,988.77,01-May-26,19:06:11,Android ,Success,0
TXN01082,CUST0216,RECV0035,1667.73,02-May-26,00:04:16, iOS,Successful,0
TXN00249,CUST0046,RECV0109,2596.44,29-01-2026,10:22:38,Android ,SUCCESS,0
TXN00762,CUST0215,RECV0042,Rs. 216.88,04-05-2026,11:58:44,IOS, Success ,0
TXN00856,CUST0013,RECV0025,781.66,11-Jun-26,00:23:49,ANDROID,SUCCESS,0
TXN00442,CUST0077,RECV0034,2117.83,19-02-2026,13:27:41,web, Success ,0
TXN01237,CUST0199,RECV0125,2326.2,06-04-2026,20:39:37,iOS,Declined,0
TXN01250,CUST0135,RECV0026,1044.61,03-05-2026,03:35:02,IOS,Completed,0
TXN00543,CUST0002,RECV0003,2779.49,05-06-2026,17:57:44,iOS, Success ,0
TXN00985,CUST0197,RECV0073,1235.24,22-Jun-26,18:16:12,web, Success ,0
TXN00702,CUST0067,RECV0093,5940.99,26-03-2026,16:38:23,Website,Completed,0
TXN00118,CUST0101,RECV0125,3891.73,18-02-2026,22:21:06,Andriod,Completed,1
TXN00942,CUST0235,RECV0012,1197.99,26-03-2026,02:22:40,ANDROID,SUCCESS,0
TXN00629,CUST0211,RECV0012,411.84,23-Jan-26,04:17:47,ios,Successful,0
TXN00929,CUST0104,RECV0026,4374.82,26-01-2026,09:27:05,ios,SUCCESS,0
TXN00207,CUST0228,RECV0139,640.72,04-Feb-26,14:40:47,web,Successful,0
TXN00292,CUST0015,RECV0145,1437.08,14-02-2026,15:51:02,ios,Success,0
TXN01190,CUST0254,RECV0004,1840.67,25-Feb-26,05:21:40,Website, Success ,0
TXN00382,CUST0040,RECV0087,4134.65,28-Jan-26,04:55:13,ios,COMPLETED,0
TXN00820,CUST0049,RECV0118,4105.48,26-01-2026,23:22:34,iOS,SUCCESS,0
TXN01199,CUST0193,RECV0003,1642.02,19-Apr-26,04:18:01,Andriod,Declined,0
TXN01039,CUST0104,RECV0066,1457.48,23-02-2026,00:20:27,iOS,COMPLETED,0
TXN00201,CUST0075,RECV0087,519.04,12-02-2026,18:25:54,Website,Successful,0
TXN00597,CUST0150,RECV0056,3009.72,20-06-2026,17:07:23, iOS,Success,0
TXN01147,CUST0062,RECV0010,-2412.34,27-Feb-26,00:41:52,Android,SUCCESS,0
TXN00855,CUST0225,RECV0148,364.69,23-Jun-26,16:51:50,IOS,Successful,0
TXN01294,CUST0072,RECV0102,1112.38,16-06-2026,07:57:28,ANDROID, Success ,0
TXN01165,CUST0036,RECV0034,"₹3,206.36",15-02-2026,03:59:50,ANDROID,COMPLETED,0
TXN00805,CUST0165,RECV0034,2953.93,04-05-2026,02:22:35,WEB,success,0
TXN01342,CUST0016,RECV0111,6630.82,29-Mar-26,12:13:10,WEB,COMPLETED,0
TXN00903,CUST0119,RECV0013,1112.93,18-03-2026,18:32:54,Web,success,0
TXN00793,CUST0184,RECV0026,2498.1,04-03-2026,10:07:00,Andriod,Success,0
TXN00770,CUST0224,RECV0012,1380.62,12-Jun-26,02:51:53,android,Completed,0
TXN01143,CUST0237,RECV0015,5108.74,21-Feb-26,09:32:04,Android ,Successful,0
TXN00814,CUST0137,RECV0087,10146.45,03-03-2026,22:45:25,Web,Successful,0
TXN01084,CUST0201,RECV0101,2005.79,10-02-2026,11:04:14,ANDROID, Success ,0
TXN00506,CUST0185,RECV0039,1946.72,11-06-2026,13:50:14,web,COMPLETED,0
TXN00892,CUST0258,RECV0108,2702.11,28-May-26,16:51:03,Andriod, Success ,0
TXN00349,CUST0013,RECV0125,3689.92,01-06-2026,15:34:53,iOS, Success ,1
TXN01110,CUST0239,RECV0014,1422.54,10-03-2026,15:37:27,ios, Success ,0
TXN00541,CUST0222,RECV0082,112.04,23-02-2026,20:16:48,ios,Completed,0
TXN00341,CUST0136,RECV0126,836.93,15-02-2026,19:25:11,Android,SUCCESS,0
TXN00787,CUST0016,RECV0087,"₹1,648.54",25-03-2026,08:17:30,Android ,SUCCESS,0
TXN00616,CUST0165,RECV0002,279.84,16-02-2026,01:40:09,Android ,Successful,1
TXN00155,CUST0149,RECV0131,1232.85,04-Feb-26,16:00:42,iOS,SUCCESS,0
TXN01258,CUST0044,RECV0011,1353.14,07-02-2026,08:29:41, iOS,Completed,0
TXN00993,CUST0026,RECV0056,205,06-04-2026,08:47:44,iOS,SUCCESS,0
TXN00078,CUST0005,RECV0045,1783.4,02-05-2026,07:16:38,android, Success ,0
TXN01350,CUST0052,RECV0034,2841.27,03-04-2026,03:11:36,iOS, Success ,0
TXN00288,CUST0255,RECV0128,Rs. 818.26,14-05-2026,19:14:45,Android,SUCCESS,0
TXN00323,CUST0247,RECV0118,3699.03,26-Jun-26,14:33:05,iOS,SUCCESS,0
TXN00687,CUST0250,RECV0118,1207.23,15-01-2026,03:00:22, iOS,success,0
TXN01046,CUST0229,RECV0088,3353.74,24-02-2026,10:12:43,ios,success,0
TXN01029,CUST0154,RECV0125,768.22,26-05-2026,23:56:28,Android ,Success,0
TXN00914,CUST0223,RECV0054,1187.83,18-Jan-26,13:44:16,Android,Successful,0
TXN01234,CUST0056,RECV0087,1417.72,07-05-2026,07:48:25,iOS,COMPLETED,0
TXN00083,CUST0014,RECV0076,799.63,17-Jun-26,12:24:47,iOS,Declined,0
TXN00513,CUST0160,RECV0026,4398.08,14-05-2026,17:37:16,Android ,Success,0
TXN00465,CUST0038,RECV0014,10978.95,25-Jan-26,15:58:22,ANDROID,success,0
TXN01246,CUST0052,RECV0118,679.91,12-Feb-26,18:01:28,Website, Success ,0
TXN00982,CUST0178,RECV0104,245.24,25-06-2026,05:20:08,Andriod,Success,0
TXN01331,CUST0115,RECV0026,2580.5,26-04-2026,21:57:37,Andriod,Successful,0
TXN01006,CUST0197,RECV0108,1675.97,29-May-26,00:39:14,Web,COMPLETED,0
TXN00334,CUST0222,RECV0070,337.75,06-06-2026,03:16:41, iOS,COMPLETED,0
TXN00011,CUST0007,RECV0034,6334.23,03-04-2026,13:23:34,WEB,success,0
TXN00739,CUST0081,RECV0134,"₹1,230.75",11-03-2026,23:13:25,Andriod,Successful,0
TXN00471,CUST0060,RECV0145,2303.58,07-May-26,15:29:31,Web,Success,0
TXN00832,CUST0134,RECV0045,644.79,19-03-2026,10:51:37,Web,SUCCESS,0
TXN00033,CUST0208,RECV0141,5834.92,26-04-2026,03:00:03,android, Success ,1
TXN01019,CUST0066,RECV0099,2807.06,07-02-2026,00:54:13,Android ,SUCCESS,0
TXN00414,CUST0124,RECV0026,319.02,10-05-2026,16:13:45,Android,SUCCESS,0
TXN00581,CUST0155,RECV0049,3346.27,24-06-2026,22:47:34,android, Success ,0
TXN00383,CUST0012,RECV0139,1594.43,17-03-2026,11:26:28, iOS,COMPLETED,0
TXN00794,CUST0169,RECV0083,170.95,24-Feb-26,02:24:18,WEB,Completed,0
TXN01047,CUST0131,RECV0006,₹394.51,04-06-2026,13:27:25,web,success,0
TXN01300,CUST0222,RECV0013,790.38,12-05-2026,16:04:09,web, Success ,0
TXN01290,CUST0236,RECV0102,627.71,16-May-26,12:56:33,WEB,success,0
TXN00615,CUST0170,RECV0013,2874.88,29-03-2026,21:44:46,Android,Completed,1
TXN01296,CUST0152,RECV0088,78.71,06-Apr-26,13:04:38,web,success,0
TXN00379,CUST0108,RECV0034,83.14,27-02-2026,08:03:04,ios,Success,0
TXN00090,CUST0250,RECV0046,1024.15,27-03-2026,00:28:17,android,Success,0
TXN00693,CUST0167,RECV0100,1158.07,13-04-2026,00:08:09,ANDROID,SUCCESS,0
TXN00602,CUST0201,RECV0073,754.79,13-02-2026,14:22:11,ANDROID,success,0
TXN00214,CUST0057,RECV0116,1020.11,13-06-2026,15:12:20,Web,Fail,0
TXN00834,CUST0094,RECV0112,59.17,07-Apr-26,14:44:20,Web,COMPLETED,0
TXN00333,CUST0148,RECV0081,165.86,25-04-2026,01:06:58,web,success,0
TXN00134,CUST0035,RECV0013,2252.48,10-05-2026,11:14:56,android,success,0
TXN00347,CUST0042,RECV0075,3356.65,28-04-2026,17:02:24,Andriod,Completed,0
TXN00556,CUST0229,RECV0073,961.46,29-05-2026,10:56:54,ios,COMPLETED,0
TXN00008,CUST0197,RECV0081,2214.23,31-Mar-26,08:41:05,Android,SUCCESS,0
TXN00029,CUST0168,RECV0060,1880.35,23-03-2026,04:49:49,Android,SUCCESS,0
TXN00321,CUST0233,RECV0116,902.6,11-05-2026,05:27:38,ANDROID, Failed,0
TXN01193,CUST0244,RECV0148,911.68,13-Mar-26,06:57:08,web,Successful,0
TXN00188,CUST0256,RECV0148,9914.3,21-Feb-26,07:12:53,Andriod,Success,0
TXN01174,CUST0175,RECV0012,2562.9,08-06-2026,20:55:21,iOS,Successful,0
TXN00635,CUST0022,RECV0073,492.67,25-01-2026,08:59:31,WEB,SUCCESS,0
TXN00553,CUST0013,RECV0109,417.03,27-Feb-26,06:10:21,Android , Success ,0
TXN00305,CUST0092,RECV0115,3154.63,02-Jun-26,10:52:12,IOS,SUCCESS,0
TXN00032,CUST0047,RECV0102,1079.82,05-03-2026,09:16:52,web,success,0
TXN01059,CUST0251,RECV0082,956.08,04-06-2026,02:51:32,Android,COMPLETED,0
TXN00685,CUST0174,RECV0013,352.46,23-06-2026,09:19:30,android,Successful,0
TXN00797,CUST0168,RECV0148,801.3,01-06-2026,00:58:29,Website,Successful,1
TXN01126,CUST0051,RECV0026,246.28,14-05-2026,18:36:44,Website,COMPLETED,0
TXN01217,CUST0246,RECV0064,3964.97,24-05-2026,00:39:03,Android ,Successful,1
TXN00241,CUST0205,RECV0020,2597.05,26-May-26,05:31:52,IOS,SUCCESS,0
TXN00068,CUST0177,RECV0026,3050.76,16-04-2026,15:02:11,WEB,Completed,0
TXN00175,CUST0190,RECV0065,2966.07,24-05-2026,11:49:45,Web,Success,0
TXN00767,CUST0098,RECV0004,964.36,23-06-2026,00:19:57, iOS,Success,0
TXN01330,CUST0033,RECV0107,1863.95,02-May-26,18:14:59,Website,SUCCESS,0
TXN00246,CUST0202,RECV0087,628.18,07-02-2026,01:35:25,web,Successful,0
TXN00057,CUST0145,RECV0073,1445.32,18-03-2026,15:09:03,Web,COMPLETED,0
TXN00631,CUST0214,RECV0125,1343.08,17-06-2026,05:45:08,iOS,COMPLETED,0
TXN00584,CUST0237,RECV0081,1494.22,29-Mar-26,22:26:13,iOS,COMPLETED,0
TXN01173,CUST0055,RECV0145,23979.74,04-03-2026,02:55:04,ANDROID,Fail,1
TXN00146,CUST0177,RECV0132,528.02,24-02-2026,07:39:53,Andriod,Successful,0
TXN00091,CUST0082,RECV0023,6222.19,06-05-2026,20:27:25,ios,SUCCESS,0
TXN01269,CUST0028,RECV0072,6220.22,11-01-2026,03:59:47,ANDROID,SUCCESS,1
TXN00393,CUST0100,RECV0072,3332.77,30-05-2026,17:54:28,Android,success,0
TXN00763,CUST0102,RECV0149,118.98,20-Jan-26,21:52:46,iOS,SUCCESS,0
TXN00683,CUST0177,RECV0136,3422.22,04-Mar-26,19:28:10,ANDROID, Success ,0
TXN00311,CUST0221,RECV0088,842.08,22-Apr-26,05:42:42,ANDROID,Successful,0
TXN01054,CUST0079,RECV0053,1315.19,18-02-2026,00:34:38,Android,COMPLETED,0
TXN00360,CUST0061,RECV0093,1546.1,16-May-26,16:14:29,WEB, Success ,0
TXN00094,CUST0157,RECV0073,1562.96,12-02-2026,14:46:33,IOS, Success ,0
TXN01326,CUST0104,RECV0003,780.48,16-02-2026,10:51:39,WEB,SUCCESS,0
TXN01226,CUST0191,RECV0083,445.27,22-05-2026,13:11:37,iOS, Success ,0
TXN00925,CUST0053,RECV0125,7635.9,09-05-2026,07:40:49,ANDROID,Success,1
TXN01142,CUST0258,RECV0082,502.71,18-02-2026,10:55:16,ANDROID,Success,1
TXN00886,CUST0022,RECV0016,3350.01,22-05-2026,08:01:43,IOS,COMPLETED,0
TXN01172,CUST0043,RECV0022,3673.75,26-04-2026,16:57:07, iOS,failed,0
TXN00377,CUST0057,RECV0011,3374.87,09-Apr-26,20:35:45,android,SUCCESS,0
TXN00908,CUST0190,RECV0012,3151.83,22-02-2026,16:08:53, iOS,Success,0
TXN00244,CUST0196,RECV0073,463.05,14-01-2026,04:20:32,WEB,SUCCESS,0
TXN01230,CUST0106,RECV0108,1779.15,27-06-2026,17:02:33,Website,SUCCESS,0
TXN00088,CUST0037,RECV0129,14353.59,01-05-2026,09:26:03,web,Completed,1
TXN00215,CUST0012,RECV0073,1616.49,17-02-2026,14:46:00,Website,success,0
TXN00445,CUST0047,RECV0036,4188.68,12-Apr-26,23:32:59,web,Success,0
TXN00857,CUST0037,RECV0118,540.89,29-03-2026,20:33:31,Web,Completed,0
TXN00174,CUST0188,RECV0026,1081.93,06-06-2026,13:35:50,Android ,success,0
TXN00999,CUST0250,RECV0022,2176.77,24-05-2026,11:19:18,web,Success,0
TXN00854,CUST0165,RECV0097,358.15,28-01-2026,18:35:12,Website,COMPLETED,0
TXN01317,CUST0146,RECV0012,2101.72,05-02-2026,20:49:44,android,success,0
TXN00426,CUST0134,RECV0013,462.95,19-05-2026,13:56:58,ANDROID,Completed,0
TXN01189,CUST0031,RECV0018,766.52,01-Apr-26,15:38:18,Web,COMPLETED,0
TXN00119,CUST0064,RECV0130,1272.73,26-04-2026,00:33:47,iOS, Failed,0
TXN00120,CUST0248,RECV0046,206.52,11-May-26,23:52:08,Andriod, Success ,0
TXN01104,CUST0227,RECV0141,5392.03,11-01-2026,00:31:14,IOS,Success,0
TXN00227,CUST0188,RECV0026,948.58,27-04-2026,05:56:01,Web,success,0
TXN01157,CUST0206,RECV0051,3248.83,28-05-2026,14:15:55,ios,Successful,0
TXN00001,,RECV0041,3217.1,01-Feb-26,13:12:44,Andriod, Success ,0
TXN00395,CUST0190,RECV0073,6245.3,09-Apr-26,14:55:35,ios,success,0
TXN00402,CUST0186,RECV0112,214.41,29-05-2026,21:30:44,WEB,Completed,0
TXN00405,CUST0049,RECV0140,745.89,03-Jun-26,21:51:19,IOS,SUCCESS,0
TXN01299,CUST0236,RECV0073,1713.87,30-03-2026,18:07:56,Website,Completed,0
TXN00085,CUST0088,RECV0047,"Rs. 1,283.46",18-Jun-26,04:47:16,IOS,COMPLETED,0
TXN00163,CUST0211,RECV0141,1575.32,06-Jan-26,04:40:32,Android,Declined,0
,,,,,,,,
TXN00115,CUST0156,RECV0117,839.04,11-05-2026,01:52:14, iOS,COMPLETED,0
TXN00671,CUST0138,RECV0050,4498.1,12-06-2026,21:41:52,Web,Completed,0
TXN00151,CUST0224,RECV0035,4338.76,12-03-2026,15:29:28,IOS,SUCCESS,0
TXN01032,CUST0058,RECV0082,,16-02-2026,15:31:10,Website,success,0
TXN01023,CUST0143,RECV0031,1089.2,05-06-2026,15:29:36,iOS,SUCCESS,0
TXN00562,CUST0184,RECV0139,903.87,21-03-2026,15:19:38,Android ,Success,0
TXN00369,CUST0088,RECV0059,63.61,28-05-2026,15:55:13,WEB, Success ,0
TXN00544,CUST0042,RECV0138,2010.16,16-06-2026,14:43:07,Website,success,1
TXN00890,CUST0014,RECV0081,2848.97,28-01-2026,16:50:37,Website,SUCCESS,0
TXN00626,CUST0015,RECV0038,1551.55,28-Jun-26,21:09:16,iOS,Successful,0
TXN00953,CUST0140,RECV0123,4421.4,09-Jan-26,22:16:17,Website,success,0
TXN00808,CUST0055,RECV0145,1364.63,03-02-2026,19:32:12,IOS,Completed,0
TXN00259,CUST0142,RECV0100,216.61,16-01-2026,17:17:14,Android,Completed,0
TXN00625,CUST0189,RECV0125,268.35,28-06-2026,07:15:30,Web,FAILED,0
TXN00827,CUST0076,RECV0134,3491.33,30-04-2026,17:42:10,WEB,success,0
TXN00235,CUST0184,RECV0110,2168.11,22-Jun-26,05:35:25,ANDROID,Success,0
TXN00136,CUST0124,RECV0063,2146.73,14-06-2026,10:24:58,WEB,Completed,0
TXN00617,CUST0047,RECV0053,3246.47,14-Feb-26,13:46:29,Android , Success ,0
TXN00837,CUST0151,RECV0101,1419.04,14-Jan-26,00:29:51,Website,SUCCESS,0
TXN00843,CUST0134,RECV0032,3910.6,06-Jun-26,00:11:09,Web,Successful,0
TXN00960,CUST0239,RECV0023,561.93,26-May-26,02:07:58,IOS,SUCCESS,0
TXN00593,CUST0142,RECV0141,2346.57,21-Feb-26,19:51:15,ios,Completed,0
TXN00344,CUST0137,,2456.86,08-02-2026,22:49:31,Web,Completed,0
TXN01115,CUST0033,RECV0042,1520.17,16-05-2026,19:49:48,Android,Success,0
TXN00294,CUST0154,RECV0081,1632.04,25-05-2026,06:36:43,Android, Success ,0
TXN00365,CUST0051,RECV0052,Rs. 554.33,02-03-2026,02:30:37,Android ,Successful,0
TXN00179,CUST0030,RECV0113,415.73,14-Feb-26,09:12:02,Website,success,1
TXN00660,CUST0046,RECV0098,982.68,29-04-2026,14:23:00,web,success,0
TXN00997,CUST0200,RECV0004,6876.94,02-May-26,11:52:28,iOS,success,0
TXN00015,CUST0034,RECV0062,1794.46,21-03-2026,03:29:39,IOS,SUCCESS,1
TXN00166,CUST0094,RECV0068,3164.76,09-06-2026,10:59:29,web,SUCCESS,0
TXN00060,CUST0190,RECV0115,12456.23,08-04-2026,07:53:17,,Success,1
TXN00710,CUST0156,RECV0034,2611.59,26-02-2026,07:02:34,Andriod,COMPLETED,0
TXN00677,CUST0066,,Rs. 311.05,08-03-2026,04:09:24,Website,success,0
TXN00781,CUST0194,RECV0071,462.4,08-03-2026,20:37:55,ANDROID,COMPLETED,1
TXN00425,CUST0050,RECV0134,8514.91,20-Jan-26,06:18:42,ios,success,0
TXN00293,CUST0080,RECV0138,"Rs. 1,159.53",10-Jun-26,13:59:47,IOS,Success,0
TXN01211,CUST0085,RECV0013,3846.92,12-04-2026,09:17:35,web,Completed,1
TXN00330,CUST0176,RECV0040,2618.48,22-Jan-26,12:15:42, iOS,Completed,0
TXN00430,CUST0165,RECV0073,309.74,16-01-2026,18:01:48,web, Success ,1
TXN01013,CUST0013,RECV0016,2803.65,23-Apr-26,23:49:02,IOS,Completed,0
TXN00080,CUST0204,RECV0013,"Rs. 1,969.35",30-05-2026,17:41:38, iOS,COMPLETED,0
TXN01053,CUST0133,RECV0084,2677.69,27-02-2026,21:12:49,Website,success,0
TXN00938,CUST0250,RECV0141,452.47,05-Feb-26,09:07:27,ANDROID,Successful,0
TXN00835,CUST0184,RECV0120,2191.62,30-04-2026,14:01:58,iOS,COMPLETED,0
TXN00750,CUST0074,RECV0023,1051.79,21-03-2026,10:10:59,iOS,success,0
TXN00891,CUST0194,RECV0118,1190.58,30-May-26,02:04:59,WEB,SUCCESS,1
TXN00255,CUST0239,RECV0018,3254.1,17-06-2026,21:54:58,ios,success,0
TXN01325,CUST0213,RECV0086,1114.21,24-01-2026,07:32:38,android,Completed,0
TXN00137,CUST0198,RECV0073,8398.85,07-03-2026,16:51:32,IOS, Success ,1
TXN00853,CUST0033,RECV0030,1669.58,16-01-2026,11:38:40,iOS,Success,1
TXN00724,CUST0197,RECV0029,₹725.38,25-Jun-26,07:06:18,android, Success ,0
TXN00860,CUST0115,RECV0065,2211.11,16-03-2026,02:55:55,ios, Success ,0
TXN00970,CUST0012,RECV0117,1174.53,23-04-2026,13:46:25,WEB,SUCCESS,0
TXN00497,CUST0240,RECV0100,Rs. 319.63,03-02-2026,20:47:23,web,Completed,0
TXN00951,CUST0239,RECV0125,7645.01,21-06-2026,12:23:11,Android,COMPLETED,1
TXN00806,CUST0106,RECV0088,2806.13,27-06-2026,14:52:24,Andriod,Completed,1
TXN00130,CSUT0116,RECV0095,9957.95,12-06-2026,23:38:12,web,SUCCESS,0
TXN00338,CUST0045,RECV0026,2542.57,04-Jun-26,18:51:11,Web, Success ,0
TXN01095,CUST0222,RECV0056,531.42,21-06-2026,20:21:06,Android,Completed,0
TXN00609,CUST0256,RECV0146,1903.66,27-Jan-26,19:20:40,android,COMPLETED,0
TXN00196,CUST0077,RECV0046,253.21,02-05-2026,20:33:34,Andriod,Successful,0
TXN00910,CUST0041,RECV0084,3124.53,26-Feb-26,08:29:40,iOS,Success,0
TXN00585,CUST0016,RECV0141,577.18,06-04-2026,00:31:51,web,SUCCESS,0
TXN00104,CUST0021,RECV0081,2474.1,16-03-2026,03:54:48,Android ,SUCCESS,0
TXN01251,CUST0154,RECV0101,346.53,04-Feb-26,03:33:42,Android, Success ,1
TXN01265,CUST0255,RECV0088,2694.98,06-Apr-26,14:34:21,WEB, Success ,0
TXN00720,CUST0074,RECV0003,1647.27,10-Jun-26,17:47:52,android,Successful,0
TXN00885,CUST0090,RECV0013,"3,002.76",07-02-2026,21:32:55,ANDROID,Success,1
TXN00777,CUST0119,RECV0033,1650.97,26-Jan-26,18:50:25,WEB,Success,0
TXN00850,CUST0093,RECV0130,2433.06,28-May-26,08:08:44,Website,Success,0
TXN00895,CUST0259,RECV0124,2703.14,20-01-2026,13:14:36,IOS,SUCCESS,0
TXN00228,CUST0123,RECV0138,3230.69,24-03-2026,16:43:31,Android, Success ,0
TXN01275,CUST0110,RECV0087,1042.79,01-Mar-26,14:09:47, iOS,COMPLETED,0
TXN00127,CUST0152,RECV0009,266.78,22-Feb-26,03:39:55,iOS,Completed,0
TXN00406,CUST0186,RECV0091,"Rs. 1,672.01",25-01-2026,04:33:18,Android,SUCCESS,0
TXN00776,CUST0027,RECV0100,2312.98,28-05-2026,12:57:20,ANDROID,COMPLETED,0
TXN00822,CUST0248,RECV0013,1150.6,29-01-2026,04:26:54,Android ,Success,0
TXN00712,CUST0001,RECV0012,1875.18,16-Jun-26,02:45:56,iOS,Success,0
TXN01279,CUST0195,RECV0007,1202.63,03-Jun-26,07:41:44,WEB, Success ,0
TXN01061,CUST0223,RECV0118,4707.83,16-06-2026,15:01:17,iOS,COMPLETED,1
TXN00304,CUST0174,RECV0034,1673.56,19-05-2026,03:24:03,Android, Success ,1
TXN00268,CUST0139,RECV0026,1778.74,16-04-2026,02:11:59,android,success,0
TXN00546,CUST0114,RECV0092,480.42,06-01-2026,20:19:51,Website,SUCCESS,0
TXN00213,CUST0140,RECV0137,5130.17,14-03-2026,06:54:04,ios,SUCCESS,0
TXN00897,CUST0259,RECV0051,1204.96,07-Feb-26,00:10:07,ios,COMPLETED,0
TXN00917,CUST0215,RECV0026,3516.06,25-Apr-26,14:20:42,Android,COMPLETED,0
TXN00676,CUST0163,RECV0118,5595.81,10-04-2026,17:38:56,WEB, Success ,0
TXN00815,CUST0113,RECV0148,7912.94,27-06-2026,09:45:38,Web, Success ,1
TXN00343,CUST0037,RECV0115,622.38,27-05-2026,20:00:59,Web,failed,1
TXN00550,CUST0012,RECV0065,1516.78,27-Jun-26,00:27:41,ios,Success,0
TXN00967,CUST0112,RECV0087,1072.1,30-04-2026,05:30:08,web,Success,0
TXN00296,CUST0200,RECV0079,2203.21,17-02-2026,22:02:17,ios,SUCCESS,0
TXN00696,CUST0135,RECV0125,54.22,29-06-2026,03:44:46,WEB,Success,0
TXN00074,CUST0030,RECV0073,626.27,05-Mar-26,06:17:23,Web,success,0
TXN00606,CUST0086,RECV0013,7416.1,12-Feb-26,20:12:39,Website, Success ,1
TXN00105,CUST0071,RECV0085,539.81,19-06-2026,19:17:56,IOS,Success,0
TXN00646,CUST0034,RECV0118,175.17,14-06-2026,12:41:41,Web,Success,0
TXN01329,CUST0021,RECV0141,5920.54,27-Apr-26,01:18:21, iOS,Fail,0
TXN01041,CUST0241,RECV0100,203.08,12-Jan-26,15:15:17,Website,COMPLETED,0
TXN00440,CUST0031,RECV0088,"₹1,322.16",14-05-2026,09:54:27,web,Successful,1
TXN01020,CUST0007,RECV0131,1230.2,08-03-2026,12:30:39,Website,Completed,0
TXN00092,CUST0197,RECV0148,1479.22,02-01-2026,10:48:53,Android ,Success,0
TXN01113,CUST0232,RECV0078,1114.26,21-Mar-26,16:26:09,WEB,SUCCESS,0
TXN01185,CUST0238,RECV0037,3707.24,29-04-2026,13:01:55,IOS, Success ,0
TXN00909,CUST0062,RECV0127,886.91,24-04-2026,08:46:42,Andriod,success,0
TXN00103,CUST0052,RECV0117,2100.11,07-03-2026,08:29:03,iOS,SUCCESS,0
TXN00239,CUST0004,RECV0055,1633.71,18-Mar-26,22:52:17,Andriod,Successful,0
TXN01153,CUST0098,RECV0118,6972.49,26-05-2026,11:57:29,WEB,COMPLETED,0
TXN00943,CUST0177,RECV0148,1460.45,10-06-2026,18:46:19, iOS,Completed,0
TXN00939,CUST0139,RECV0145,3696.59,14-May-26,04:18:33,Android ,Success,0
TXN00006,CUST0196,RECV0037,439.06,04-02-2026,00:39:41,Web,COMPLETED,0
TXN01229,CUST0085,RECV0026,824.11,11-01-2026,23:10:54,Web, Success ,1
TXN00966,CUST0148,RECV0013,1656.04,23-02-2026,08:05:32,,SUCCESS,0
TXN00019,CUST0086,RECV0087,201.8,05-04-2026,23:07:14,web,Completed,0
TXN00122,CUST0232,RECV0012,1710.34,04-02-2026,16:19:53,web,COMPLETED,0
TXN00662,CUST0049,RECV0088,1036.84,01-06-2026,13:19:36,Web,success,0
TXN01141,CUST0043,RECV0062,306.3,27-06-2026,14:47:09,IOS,Completed,0
TXN00275,CUST0013,RECV0052,1477.13,15-Feb-26,08:20:44,Android ,Completed,0
TXN00434,CUST0251,RECV0053,2942.83,26-01-2026,21:21:10,Website, Success ,0
TXN00812,CUST0051,RECV0109,1353.41,13-Jan-26,12:11:38,Android, Success ,0
TXN01266,CUST0037,RECV0125,1514.06,06-03-2026,00:04:12,ios, Success ,0
TXN01280,CUST0012,RECV0093,1429.68,10-04-2026,13:46:28, iOS,Success,0
TXN00182,CUST0179,RECV0071,575.02,30-03-2026,14:59:25,Andriod,Completed,0
TXN00185,CUST0015,RECV0087,377.2,04-05-2026,21:44:14,android,success,0
TXN00407,CUST0211,RECV0042,879.47,29-Mar-26,16:14:53,android, Success ,0
TXN00866,CUST0011,RECV0148,Rs. 59.29,15-01-2026,21:43:47,IOS,Declined,0
TXN00521,CUST0081,RECV0031,514.38,24-05-2026,03:07:23, iOS,Success,0
TXN01004,CUST0163,RECV0101,288.75,09-05-2026,15:48:29,iOS,Success,0
TXN00381,CUST0189,RECV0017,10666.7,22-06-2026,02:05:25,ios, Success ,0
TXN00428,CUST0200,RECV0146,4747.61,05-05-2026,17:43:34,Website,Successful,0
TXN00079,CUST0141,RECV0090,788.55,19-Apr-26,14:19:43,Andriod,Successful,0
TXN01010,CUST0106,RECV0063,4975.66,28-May-26,07:50:11, iOS,success,0
TXN01336,CUST0126,RECV0141,52.23,03-05-2026,08:10:42,Web,Successful,0
TXN00608,CUST0235,RECV0034,3813.91,26-02-2026,01:04:56,iOS,SUCCESS,0
TXN01204,CUST0021,RECV0118,1457.02,11-05-2026,02:59:04,IOS,Completed,0
TXN01348,CUST0133,RECV0072,₹225.56,08-04-2026,02:33:23, iOS,Successful,0
TXN01235,CUST0050,RECV0073,1615.5,18-02-2026,05:52:49,ANDROID,SUCCESS,0
TXN01058,CUST0064,RECV0130,103.7,24-01-2026,16:07:10,web, Success ,0
TXN01092,CUST0254,RECV0069,1693.55,26-02-2026,15:35:38,web, Success ,0
TXN01102,CUST0102,RECV0012,1124.25,24-01-2026,12:54:16,Website,Success,0
TXN01130,CUST0161,RECV0013,1226.71,13-Jan-26,06:22:34,iOS,COMPLETED,0
TXN01191,CUST0220,RECV0141,1744.12,06-06-2026,23:23:51, iOS,success,0
TXN00959,CUST0102,RECV0045,1732.51,26-06-2026,09:17:35,android,Completed,0
TXN00560,CUST0056,RECV0118,3653.93,27-01-2026,18:08:40,android,COMPLETED,1
TXN00847,CUST0182,RECV0118,2003.07,05-02-2026,11:32:54,Android ,success,0
TXN00691,CUST0102,RECV0073,2246.95,29-Jan-26,23:21:57,IOS,FAILED,0
TXN01315,CUST0045,RECV0034,619.31,11-01-2026,18:05:02,Android ,SUCCESS,0
TXN01264,CUST0089,RECV0075,4303.94,31-01-2026,19:50:40,android,Success,0
TXN00437,CUST0244,RECV0087,₹533.81,20-Apr-26,16:51:19, iOS,Success,0
TXN00491,CUST0076,RECV0030,1452.59,02-05-2026,14:31:30,Web,Declined,1
TXN00850,CUST0093,RECV0130,2433.06,28-May-26,08:08:44,Website,Success,0
TXN01308,CUST0055,RECV0057,807.66,07-Feb-26,14:57:09,Andriod,Successful,0
TXN00070,CUST0011,RECV0078,1820.01,28-03-2026,22:43:06,IOS,Success,0
TXN00809,CUST0036,RECV0079,1687.1,13-03-2026,20:06:09,WEB,COMPLETED,0
TXN00012,CUST0038,RECV0004,2306.92,05-Jan-26,01:50:25,Android,SUCCESS,0
TXN00145,CUST0073,RECV0012,"₹1,346.29",01-Feb-26,17:05:19,WEB,Success,0
TXN00918,CUST0204,RECV0124,1397.68,02-02-2026,19:26:43, iOS,COMPLETED,0
TXN00640,CUST0167,RECV0125,2165.24,23-06-2026,02:22:27,Web,Successful,0
TXN00177,CUST0027,RECV0002,1511.5,11-02-2026,15:59:38,ANDROID,Completed,0
TXN00995,CUST0213,RECV0034,847.14,18-Jun-26,10:06:14,Web, Success ,0
TXN00441,CUST0105,RECV0034,1647.46,16-04-2026,21:38:15,ios,Success,0
TXN00522,CUST0079,RECV0096,1735.2,31-Jan-26,00:50:09,IOS,Successful,0
TXN01341,CUST0045,RECV0145,875.74,17-01-2026,06:30:59,web,Success,1
TXN01005,CUST0081,RECV0001,4127.89,15-02-2026,14:41:11, iOS, Success ,0
TXN00144,CUST0201,RECV0026,957.31,20-May-26,20:23:00,Web,COMPLETED,1
TXN00754,CUST0022,RECV0015,8401.82,08-06-2026,22:52:35,Android ,failed,0
TXN00520,CUST0259,RECV0118,2099.43,02-02-2026,03:44:13,web,Success,1
TXN00823,CUST0183,RECV0012,943.19,08-05-2026,11:13:47,IOS, Success ,0
TXN00429,CUST0081,RECV0034,2351.63,10-05-2026,19:43:22, iOS,success,0
TXN00613,CUST0193,RECV0061,786.69,22-02-2026,14:47:56,web,COMPLETED,0
TXN01033,CUST0156,RECV0114,"₹1,073.39",25-01-2026,17:52:11,WEB,Completed,0
TXN00157,CUST0021,RECV0060,2247.92,26-02-2026,07:02:42,IOS,Completed,0
TXN00540,CUST0024,RECV0145,630.95,11-02-2026,03:53:08,WEB,SUCCESS,1
TXN00462,CUST0106,RECV0034,1281.26,03-06-2026,13:11:26,Android, Success ,0
TXN00577,CUST0081,RECV0087,4148.98,06-Apr-26,09:28:33,Andriod, Success ,0
TXN00256,CUST0010,RECV0099,712.13,16-03-2026,16:45:06, iOS,Completed,0
TXN00980,CUST0023,RECV0087,2539.3,24-02-2026,05:27:09,WEB,Completed,0
TXN01186,CUST0196,RECV0145,2768.12,11-06-2026,05:09:37,WEB, Success ,1
TXN01007,CUST0258,RECV0105,1775.64,21-01-2026,19:15:10,ios,Completed,0
TXN00561,CUST0216,RECV0114,1815.38,04-05-2026,01:03:08,Andriod,Successful,0
TXN00209,CUST0158,RECV0040,1711.89,04-04-2026,16:52:48,ANDROID,Success,0
TXN00911,CUST0038,RECV0073,573.86,26-Jun-26,16:20:12,WEB,Successful,0
TXN00002,CUST0155,RECV0071,620.29,10-Feb-26,08:05:23, iOS, Success ,0
TXN00270,CUST0161,RECV0147,1736.09,11-Apr-26,20:56:45,Website, Success ,0
TXN00266,CUST0119,RECV0092,9157.45,01-Mar-26,16:54:38,ANDROID,Successful,1
TXN00915,CUST0121,RECV0013,5248.11,13-Jun-26,09:53:14,Android,success,0
TXN00231,CUST0132,RECV0019,392.79,13-01-2026,15:59:56,WEB,Successful,1
TXN01339,CUST0092,RECV0087,3667.05,30-Jan-26,14:32:07,Web,SUCCESS,1
TXN01120,CUST0007,RECV0034,"1,731.61",02-01-2026,11:54:04,Website,success,1
TXN01334,CUST0157,RECV0128,1038.87,03-06-2026,17:42:35,android, Success ,0
TXN00865,CUST0139,RECV0088,3852.6,11-01-2026,11:27:30,Website,success,0
TXN01067,CUST0034,RECV0119,Rs. 921.67,29-Jan-26,14:08:54,Web,COMPLETED,0
TXN00874,CUST0119,RECV0054,436.27,20-Mar-26,04:02:15,WEB,success,0
TXN01335,CUST0121,RECV0085,3154.79,10-04-2026,06:00:43,WEB,Completed,0
TXN00399,CUST0103,RECV0075,1408.43,17-Feb-26,09:53:37,Android,SUCCESS,0
TXN01238,CUST0017,RECV0073,2371.82,08-May-26,17:49:06, iOS, Success ,1
TXN00046,CUST0057,RECV0019,3010.31,15-05-2026,12:37:06,Website,Completed,0
TXN00162,CUST0061,RECV0145,985.16,19-06-2026,21:30:30,IOS,Successful,0
TXN00992,CUST0041,RECV0050,3904.88,21-04-2026,19:32:34, iOS,COMPLETED,0
TXN00728,CUST0245,RECV0125,270.48,18-01-2026,04:05:20,IOS,SUCCESS,0
TXN00630,CUST0204,RECV0141,1243.68,28-Jun-26,03:04:49,Android,Completed,0
TXN00289,CUST0001,RECV0026,472.32,31-01-2026,06:51:39,WEB,Successful,0
TXN01060,CUST0058,RECV0125,1727.39,27-04-2026,03:22:23,ios,Successful,0
TXN01323,CUST0200,RECV0119,861.62,17-02-2026,22:55:20,iOS,COMPLETED,0
TXN00576,CUST0019,RECV0148,622.16,23-02-2026,12:13:19,android,success,0
TXN00851,CUST0179,RECV0104,,30-05-2026,05:14:06,Web,Successful,1
TXN00912,CUST0019,RECV0063,51.85,12-06-2026,07:43:12,ios,Successful,0
TXN01231,CUST0131,RECV0043,1382.75,21-05-2026,22:50:21,WEB, Success ,0
TXN00933,CUST0128,RECV0012,1101.08,22-01-2026,23:53:36,web,Completed,0
TXN01101,CUST0159,RECV0144,333.57,10-05-2026,17:11:25,Web,COMPLETED,0
TXN01208,CUST0116,RECV0148,3075.36,03-May-26,04:32:20,Android ,SUCCESS,0
TXN00248,CUST0101,RECV0135,3839.98,24-May-26,08:49:27,Android ,Successful,0
TXN00477,CUST0025,RECV0073,1149.16,14-06-2026,19:24:05,Website,Successful,0
TXN00086,CUST0094,RECV0023,2174.99,24-06-2026,23:55:19,Android,SUCCESS,0
TXN00470,CUST0226,RECV0073,₹461.91,14-01-2026,15:16:10,ANDROID,COMPLETED,0
TXN00226,CUST0141,RECV0142,2542.3,03-Jun-26,04:28:18,Website,success,0
TXN00775,CUST0163,RECV0012,3499,27-03-2026,17:25:12,ANDROID,Success,0
TXN00332,CUST0244,RECV0026,2344.66,17-05-2026,08:09:33,iOS,success,0
TXN00234,CUST0099,RECV0146,191.03,15-05-2026,17:47:35,ANDROID,Successful,0
TXN00589,CUST0054,RECV0009,795.94,22-06-2026,15:01:11,web,success,0
TXN00476,CUST0003,RECV0116,907.05,26-03-2026,23:58:51,Web,Completed,0
TXN00600,CUST0168,RECV0125,323.75,21-06-2026,17:42:15,ANDROID,Successful,0
TXN00422,CUST0256,RECV0149,2516.58,13-03-2026,12:22:30,web,Success,0
TXN00183,CUST0090,RECV0144,4573.47,15-Apr-26,16:16:56,Android,SUCCESS,1
TXN00989,CUST0044,RECV0118,12811.64,17-May-26,11:29:44,IOS,COMPLETED,1
TXN01001,CUST0146,RECV0061,125.7,23-05-2026,04:24:38,Website,SUCCESS,0
TXN00050,CUST0073,RECV0061,138.65,26-Mar-26,05:40:56,IOS,COMPLETED,0
TXN01271,CUST0113,RECV0069,2053.38,08-06-2026,07:09:01, iOS,Success,0
TXN01030,CUST0234,RECV0125,1193.4,01-Jan-26,20:11:21,iOS,Success,0
TXN00530,CUST0228,RECV0083,3634.81,22-01-2026,15:55:59,Android ,failed,0
TXN00487,CUST0109,RECV0012,2316.94,17-02-2026,03:27:34,Website,Failed,0
TXN00498,CUST0107,RECV0023,241.24,14-03-2026,05:12:10,Android,COMPLETED,0
TXN00107,CUST0086,RECV0118,4825.87,29-Jan-26,03:26:58,Andriod,success,1
TXN00444,CUST0249,RECV0087,2301.81,06-Jan-26,02:57:26,ios,Successful,0
TXN00647,CUST0120,RECV0034,1653.61,27-02-2026,18:59:12,Web,SUCCESS,1
TXN01037,CUST0190,RECV0118,5850.89,07-02-2026,09:27:36,IOS,COMPLETED,1
TXN00727,CUST0189,RECV0020,435.08,09-03-2026,20:09:20,Android,Successful,0
TXN00191,CUST0144,RECV0012,6263.27,12-04-2026,15:34:02,IOS,success,1
,,,,,,,,
TXN00030,CUST0055,RECV0081,"Rs. 1,358.80",12-02-2026,11:49:13,Website,Successful,0
TXN00170,CUST0220,RECV0124,970.15,28-Feb-26,11:37:51,IOS,SUCCESS,0
TXN01002,CUST0050,RECV0087,2047.7,12-04-2026,05:49:49,android,success,0
TXN01205,CUST0084,RECV0145,5496.35,02-03-2026,02:26:21, iOS,Successful,0
TXN00101,CUST0184,RECV0073,1535.42,15-04-2026,22:59:30,Android ,Success,0
TXN00198,CUST0050,RECV0067,384.7,26-04-2026,17:59:51,Web,SUCCESS,0
TXN00496,CUST0177,RECV0148,4421.74,23-Apr-26,10:58:38,Website,success,0
TXN00648,CUST0189,RECV0098,"₹1,288.56",02-02-2026,09:03:37,android,Completed,0
TXN00988,CUST0009,RECV0026,4724.49,25-04-2026,01:34:47,Website, Success ,1
TXN00045,CUST0104,RECV0141,2644.22,03-02-2026,01:01:09, iOS,Successful,0
TXN00711,CUST0076,RECV0070,2367.91,13-03-2026,20:15:52,android,COMPLETED,0
TXN00374,CUST0013,RECV0036,215.59,27-04-2026,05:50:55,ios,COMPLETED,0
TXN00679,CUST0240,RECV0125,616.26,09-05-2026,07:19:40,web, Success ,0
TXN00567,CUST0186,RECV0073,1400.05,03-01-2026,09:28:12,Andriod,SUCCESS,0
TXN00848,CUST0179,RECV0017,1462.6,15-05-2026,11:41:46,Android, Success ,0
TXN00461,CUST0254,RECV0148,3846.03,31-01-2026,09:47:31,iOS,Completed,0
TXN01156,CUST0227,RECV0099,553.84,07-01-2026,08:47:43,Android,Successful,0
TXN00040,CUST0177,RECV0100,228,25-05-2026,10:38:14,android,Fail,0
TXN00435,CUST0224,RECV0020,3188.71,21-Feb-26,06:18:16,Website,Failed,0
TXN00974,CUST0235,RECV0073,2353.51,12-04-2026,05:19:19,Android ,Success,0
TXN01240,CUST0126,RECV0117,3168.66,11-06-2026,07:38:30, iOS,failed,0
TXN01008,CUST0047,RECV0012,1758.54,05-04-2026,12:35:32,Web, Success ,0
TXN00457,CUST0211,RECV0035,778.44,23-03-2026,18:52:20,WEB,SUCCESS,0
TXN00261,CUST0079,RECV0085,1654.68,20-Apr-26,06:41:08,android,COMPLETED,0
TXN00036,CUST0063,RECV0013,955.69,11-01-2026,12:31:01,web,success,1
TXN00828,CUST0034,RECV0073,114.92,17-03-2026,03:03:31,Web, Success ,0
TXN00310,CUST0237,RECV0062,1426.06,13-04-2026,05:30:24,Web,COMPLETED,0
TXN00277,CUST0082,RECV0012,4393.75,07-04-2026,18:55:42,iOS,Successful,0
TXN00637,CUST0183,RECV0001,1035.8,26-03-2026,12:46:53,web,COMPLETED,0
TXN00655,CUST0202,RECV0012,569.58,25-Jan-26,22:19:29,android, Success ,0
TXN00623,CUST0203,RECV0079,6657.68,06-04-2026,02:26:56,web,failed,0
TXN00845,CUST0253,RECV0101,4315.89,05-04-2026,14:26:52,Android,success,0
TXN00394,CUST0202,RECV0131,-463.12,19-02-2026,11:25:09,Website,success,0
TXN00108,CUST0225,RECV0092,1285.33,16-02-2026,23:57:08,Web,Successful,0
TXN00350,CSUT0019,RECV0118,Rs. 916.79,28-Mar-26,21:33:29,Website,COMPLETED,1
TXN00525,CUST0244,RECV0141,464.26,05-Jun-26,14:42:28,ios,Completed,0
TXN00785,CUST0061,RECV0124,2928.98,29-03-2026,17:00:10,Web,SUCCESS,0
TXN00048,CUST0183,RECV0045,1174.78,27-02-2026,22:18:08,Website,SUCCESS,0
TXN00204,CUST0041,RECV0087,1996.73,23-Feb-26,17:03:01,IOS,SUCCESS,1
TXN00022,CUST0258,RECV0046,157.92,22-06-2026,01:25:04,web,COMPLETED,0
TXN00403,CUST0009,RECV0073,3196.6,08-03-2026,04:22:10,WEB, Success ,1
TXN01108,CUST0069,RECV0064,1724.42,24-Mar-26,04:06:58,web,COMPLETED,0
TXN01155,CUST0212,RECV0145,81.81,14-01-2026,21:24:59,android,success,0
TXN00990,CUST0235,RECV0145,503.8,11-Jan-26,20:51:56,Web,Successful,1
TXN00742,CUST0172,RECV0141,"1,096.99",08-01-2026,06:38:00,android, Success ,0
TXN01148,CUST0198,RECV0100,355.63,14-03-2026,07:43:31,web,success,0
TXN00034,CUST0067,RECV0096,138.01,20-02-2026,02:37:37,Web,Completed,0
TXN00788,CUST0179,RECV0120,-7314.65,22-05-2026,13:32:25,ios,SUCCESS,0
TXN00924,CUST0192,RECV0142,303.44,26-Mar-26,01:54:01,Android,Successful,0
TXN01044,CUST0046,RECV0012,1025.55,23-Apr-26,08:35:33,web,Success,0
TXN01310,CUST0034,RECV0015,1101.44,22-03-2026,04:26:30,ios,Successful,0
TXN01244,CUST0080,RECV0088,6698.76,20-01-2026,20:57:11,Website,Successful,1
TXN00580,CUST0041,RECV0026,15538.76,12-03-2026,06:21:12,web,COMPLETED,1
TXN00482,CUST0080,RECV0135,2428.03,07-May-26,15:19:09,Andriod,success,1
TXN00932,CUST0160,RECV0026,2619.52,27-03-2026,17:10:13,ANDROID,Completed,0
TXN00357,CUST0042,RECV0087,2452.87,02-01-2026,09:26:44,WEB,Successful,0
TXN01249,CUST0071,RECV0087,4546.44,31-01-2026,06:28:42,Website,SUCCESS,0
TXN00760,CUST0073,RECV0087,67.16,18-Jan-26,14:55:26,WEB,Successful,0
TXN00093,CUST0003,RECV0058,1041.31,10-Jun-26,09:08:06, iOS,success,0
TXN01176,CUST0222,RECV0073,663.15,25-06-2026,10:40:33,ios,SUCCESS,0
TXN00804,CUST0212,RECV0032,3199.79,13-06-2026,18:30:42,android, Success ,0
TXN00746,CUST0013,RECV0123,1441.51,31-05-2026,09:10:09,android,SUCCESS,0
TXN00280,CUST0003,RECV0061,2203.06,05-Jun-26,15:29:26,Website,SUCCESS,0
TXN00765,CUST0135,RECV0116,1614.75,14-05-2026,20:28:40,Android,Success,0
TXN00605,CUST0009,RECV0073,2446.6,18-04-2026,21:42:04,Android ,success,0
TXN01346,CUST0060,RECV0088,552.67,01-06-2026,23:48:21,WEB, Success ,0
TXN00401,CUST0148,RECV0118,2678.12,17-04-2026,03:48:17,android,Completed,0
TXN00258,CUST0171,RECV0041,17912.14,06-May-26,20:19:15,ios,Successful,1
TXN00945,CUST0065,RECV0099,460.01,14-May-26,19:17:51,Website, Success ,0
TXN01097,CUST0167,RECV0068,1100.19,28-Apr-26,06:35:49,Andriod,COMPLETED,0
TXN01220,CUST0062,RECV0008,1064.54,12-06-2026,05:00:07,ios,SUCCESS,0
TXN01162,CUST0144,RECV0064,4566.81,26-06-2026,04:58:28,Web,COMPLETED,0
TXN00495,CUST0060,RECV0089,1767.89,07-05-2026,00:10:18, iOS,Completed,0
TXN00773,CUST0180,RECV0102,2662.41,29-04-2026,16:18:17,ANDROID,Successful,1
TXN00551,CUST0027,RECV0105,3597.15,24-03-2026,16:29:31,web,success,0
TXN00202,CUST0083,RECV0145,606.49,29-03-2026,08:38:41,Website,success,0
TXN00313,CUST0056,RECV0098,298.08,25-06-2026,21:03:05,Website,COMPLETED,0
TXN00291,CUST0158,RECV0083,802.2,18-Mar-26,21:21:21,ANDROID,Completed,0
TXN01214,CUST0106,RECV0077,952.66,21-02-2026,06:56:37,Website,Success,0
TXN00764,CUST0163,RECV0088,1226.31,04-01-2026,10:07:50, iOS, Success ,0
TXN01137,CUST0022,RECV0033,1377.64,28-06-2026,02:40:07,Android,Successful,0
TXN00950,CUST0251,RECV0031,82.44,27-06-2026,20:22:11, iOS,Failed,0
TXN00184,CUST0129,RECV0097,191.18,27-Jun-26,10:49:29,ANDROID,Success,0
TXN01177,CUST0254,RECV0121,257.96,04-06-2026,18:55:55,WEB,Successful,0
TXN01069,CUST0245,RECV0147,3304.18,07-05-2026,16:08:51,Android ,Completed,0
TXN01031,CUST0146,RECV0013,2504.6,15-06-2026,21:35:32, iOS,Successful,0
TXN00251,CUST0192,RECV0022,613.21,09-02-2026,07:39:59,Andriod, Success ,0
TXN00824,CUST0056,RECV0140,623.79,12-03-2026,16:11:16,iOS,Success,0
TXN01100,CUST0136,RECV0113,2042.27,05-May-26,05:20:01,android,success,0
TXN00941,CUST0243,RECV0141,2514.96,03-01-2026,09:44:12,Android ,Successful,1
TXN00392,CUST0060,RECV0012,1215.4,20-Mar-26,11:05:20,iOS,Success,0
TXN01093,CUST0196,RECV0026,959.49,11-Jan-26,07:23:37,ANDROID,success,0
TXN01192,CUST0190,RECV0017,3453.86,25-05-2026,06:20:44,Android ,COMPLETED,1
TXN00905,CUST0143,RECV0081,3465.06,28-05-2026,09:17:31,Android,success,1
TXN00731,CUST0216,RECV0057,2510.14,15-05-2026,11:00:13,android, Success ,0
TXN00555,CUST0123,RECV0086,717.75,29-03-2026,02:49:38,ANDROID, Success ,0
TXN00367,CUST0139,RECV0073,771.8,21-02-2026,08:08:07,Andriod,Successful,0
TXN00346,CUST0171,RECV0073,1544.06,24-06-2026,02:23:34,web,COMPLETED,0
TXN00536,CUST0138,RECV0026,287.35,22-May-26,09:36:26,android,Completed,1
TXN01210,CUST0103,RECV0148,Rs. 340.40,31-05-2026,11:44:05,Android ,COMPLETED,0
TXN00920,CUST0218,RECV0073,₹687.84,13-04-2026,07:21:40,Website,Successful,0
TXN00212,CUST0200,RECV0087,192.67,07-Apr-26,16:48:51,Android, Success ,0
TXN00503,CUST0022,RECV0026,8729.21,10-May-26,05:46:18, iOS, Success ,1
TXN00538,CUST0232,RECV0088,-563.58,11-01-2026,09:41:10,web,Declined,0
TXN01221,CUST0234,RECV0070,"₹4,136.46",29-05-2026,18:30:04,WEB, Success ,0
TXN00176,CUST0061,RECV0042,6911.97,28-Feb-26,12:50:21,Web,COMPLETED,0
